iso_year,iso_week,inf_all_log,temperature,relative_humidity,wind_speed
2002,1,2.1972245773362196,2.5856363636363637,88.04242424242425,2.9060606060606062
2002,6,1.6094379124341003,2.728433734939759,79.55421686746988,3.6090361445783135
2002,11,1.6094379124341003,2.8147590361445785,76.58433734939759,3.998795180722891
2002,31,,2.7767295597484276,84.13836477987421,2.488050314465409
2007,3,2.302585092994046,2.5182738095238095,95.75595238095238,1.325595238095238
2007,8,2.6390573296152584,2.7582738095238093,85.41666666666667,2.169642857142857
2007,13,2.302585092994046,2.7451190476190477,85.39880952380952,0.8452380952380952
2007,18,2.6390573296152584,2.7598214285714286,87.07738095238095,1.061904761904762
2007,23,2.1972245773362196,2.8445833333333335,84.11904761904762,1.124404761904762
2007,28,2.0794415416798357,2.858392857142857,81.47619047619048,1.9279761904761905
2007,31,1.3862943611198906,2.623392857142857,90.85119047619048,0.6928571428571428
2007,33,1.6094379124341003,2.8729166666666663,79.8452380952381,2.4601190476190475
2007,36,0.6931471805599453,2.7382781456953644,86.26490066225166,2.486092715231788
2007,38,1.3862943611198906,2.7345238095238096,85.54166666666667,1.6730538922155689
2007,41,1.3862943611198906,2.8485714285714288,82.58333333333333,2.3291666666666666
2007,43,,2.738035714285714,83.47619047619048,1.5089285714285714
2007,46,1.0986122886681098,2.678502994011976,87.62275449101796,0.9347305389221556
2007,48,1.3862943611198906,2.72748502994012,86.24550898203593,1.0844311377245508
2007,51,1.0986122886681098,2.6381547619047616,89.75,1.3976190476190478
2008,4,3.4339872044851463,2.7182142857142857,82.60714285714286,1.9238095238095236
2008,9,3.295836866004329,2.729285714285714,81.0,2.557142857142857
2008,12,3.7376696182833684,2.6182738095238096,89.1547619047619,1.7845238095238096
2008,14,3.8501476017100584,2.801309523809524,82.22619047619048,1.763095238095238
2008,17,4.189654742026425,2.8167261904761904,82.36309523809524,1.4553571428571428
2008,19,4.820281565605037,2.917321428571429,77.38095238095238,1.5214285714285714
2008,22,3.713572066704308,2.9275,78.0952380952381,2.2869047619047618
2008,24,3.784189633918261,2.7494642857142857,85.51785714285714,1.0089285714285714
2008,27,2.833213344056216,2.8833333333333333,78.74404761904762,2.3767857142857145
2008,29,3.4657359027997265,2.765654761904762,83.0952380952381,1.905357142857143
2008,32,2.995732273553991,2.893333333333333,78.33333333333333,3.3857142857142852
2008,34,2.833213344056216,2.784047619047619,81.80357142857143,2.3892857142857142
2008,37,3.1354942159291497,2.694642857142857,85.64285714285714,1.4160714285714286
2008,42,1.791759469228055,2.780059523809524,83.70833333333333,1.1767857142857143
2008,47,2.1972245773362196,2.6875,88.48214285714286,1.1422619047619047
2008,52,1.0986122886681098,2.7092261904761905,80.54761904761905,3.1178571428571424
2009,3,1.0986122886681098,2.6866666666666665,80.01785714285714,3.163095238095238
2009,5,0.6931471805599453,2.7057738095238095,79.55952380952381,3.4583333333333335
2009,8,2.6390573296152584,2.7930952380952383,80.89880952380952,1.7184523809523808
2009,10,2.70805020110221,2.682682926829268,87.46341463414635,1.3128048780487809
2009,13,3.4011973816621555,2.7455357142857144,84.26785714285714,1.774404761904762
2009,15,2.833213344056216,2.8339285714285714,82.75595238095238,1.6928571428571426
2009,18,5.236441962829949,2.94748502994012,76.26347305389221,1.995808383233533
2009,20,4.8283137373023015,2.845773809523809,83.23214285714286,1.6928571428571426
2009,23,4.394449154672439,2.9245238095238095,82.82738095238095,1.9553571428571428
2009,28,6.186208623900494,2.8286904761904763,80.13095238095238,2.311309523809524
2009,33,6.059123195581797,2.8670833333333334,79.7797619047619,2.382738095238095
2009,38,,2.900119047619048,81.8452380952381,2.3625
2009,43,,2.847380952380953,81.38095238095238,1.6470238095238094
2010,2,5.220355825078324,2.7354761904761906,82.25595238095238,2.405357142857143
2010,5,4.1588830833596715,2.791785714285714,81.23809523809524,3.0892857142857144
2010,7,2.302585092994046,2.890059523809524,78.39880952380952,3.5517857142857148
2010,10,2.8903717578961645,2.9565269461077843,73.20359281437126,2.9664670658682635
2010,12,3.5553480614894135,2.7498809523809524,84.92261904761905,2.443452380952381
2010,15,4.48863636973214,2.9546107784431137,80.7005988023952,2.0610778443113773
2010,17,5.099866427824199,2.829404761904762,86.52380952380952,1.411904761904762
2010,20,5.318119993844216,2.8735714285714287,85.57142857142857,1.4065476190476192
2010,22,5.111987788356544,2.9188095238095237,83.45833333333333,1.5529761904761905
2010,25,4.248495242049359,2.826428571428571,82.79166666666667,1.9898809523809524
2010,27,4.276666119016055,2.782857142857143,85.64880952380952,1.4589285714285714
2010,30,3.871201010907891,2.7211904761904764,85.7202380952381,1.9428571428571424
2010,35,3.912023005428146,2.825595238095238,81.57738095238095,2.525
2010,40,3.1354942159291497,2.8185714285714285,83.42857142857143,1.9708333333333337
2010,45,2.5649493574615367,2.7723809523809524,83.79761904761905,2.070238095238095
2010,50,2.6390573296152584,2.7393413173652696,84.38323353293413,1.8017964071856285
2011,1,3.871201010907891,2.6464285714285714,86.20238095238095,2.438690476190476
2011,3,4.290459441148391,2.6345833333333335,84.63690476190476,2.6297619047619047
2011,6,4.127134385045092,2.641369047619047,83.14285714285714,3.2952380952380955
2011,8,3.332204510175204,2.782797619047619,79.82738095238095,2.8696428571428574
2011,11,2.772588722239781,2.6220833333333333,88.41666666666667,2.1416666666666666
2011,16,1.0986122886681098,2.7894642857142857,83.08928571428571,2.425
2011,21,2.6390573296152584,2.8790476190476193,83.44047619047619,1.9523809523809523
2011,26,3.58351893845611,2.8817857142857144,81.81547619047619,2.7845238095238094
2011,31,3.044522437723423,2.8872619047619046,80.24404761904762,3.992261904761905
2011,36,2.302585092994046,2.813452380952381,83.375,3.0851190476190475
2011,41,2.70805020110221,2.6965269461077845,88.17365269461078,1.8173652694610776
2011,46,3.258096538021482,2.7085714285714286,87.66071428571429,1.8267857142857145
2012,2,3.6888794541139363,2.6648809523809525,86.73214285714286,3.1666666666666665
2012,7,3.8918202981106265,2.7507738095238095,83.36309523809524,3.414880952380952
2012,12,2.995732273553991,2.694107142857143,88.05357142857143,2.1392857142857142
2012,17,2.995732273553991,2.751845238095238,87.02380952380952,1.7714285714285716
2012,22,3.4339872044851463,2.8277380952380953,82.77380952380952,2.4791666666666665
2012,27,2.8903717578961645,2.8310119047619047,79.98214285714286,2.6392857142857142
2012,32,2.8903717578961645,2.799404761904762,81.125,3.2505952380952383
2012,37,2.302585092994046,2.69875,84.93452380952381,2.106547619047619
2012,42,2.0794415416798357,2.757857142857143,83.91071428571429,1.6238095238095238
2012,47,2.5649493574615367,2.7170833333333335,87.19642857142857,1.6023809523809522
2012,52,3.258096538021482,2.664702380952381,88.39285714285714,1.7642857142857142
2013,3,3.1354942159291497,2.71,83.54761904761905,2.4309523809523808
2013,8,2.772588722239781,2.600595238095238,90.41666666666669,2.088690476190476
2013,13,1.3862943611198906,2.8574404761904764,79.88095238095238,2.4952380952380953
2013,18,1.0986122886681098,2.785595238095238,85.63690476190476,1.6339285714285714
2013,23,3.1780538303479458,2.764880952380953,85.32738095238095,1.6398809523809523
2013,28,1.3862943611198906,2.818452380952381,79.27380952380952,2.251190476190476
2013,33,2.3978952727983707,2.753571428571429,82.22619047619048,2.1160714285714284
2013,38,2.995732273553991,2.7533333333333334,82.48484848484848,2.292121212121212
2013,43,2.4849066497880004,2.7767857142857144,82.56547619047619,2.0892857142857144
2013,48,3.4657359027997265,2.774404761904762,82.29166666666667,1.8845238095238095
2014,4,3.1354942159291497,2.609580838323353,75.7065868263473,3.602994011976048
2014,9,2.70805020110221,2.7601190476190474,74.06547619047619,4.241071428571429
2014,14,2.772588722239781,2.876190476190476,78.51190476190476,2.8982142857142854
2014,19,2.772588722239781,2.9101190476190473,80.0297619047619,2.156547619047619
2014,24,4.07753744390572,2.8577380952380955,83.25595238095238,2.3732142857142855
2014,29,4.174387269895637,2.8517197452229297,79.0828025477707,2.370063694267516
2014,34,3.1780538303479458,2.7416666666666667,80.8452380952381,2.394047619047619
2014,39,2.0794415416798357,2.888095238095238,74.92261904761905,3.3434523809523813
2014,42,1.0986122886681098,2.9041666666666663,74.35119047619048,2.711904761904762
2014,44,0.6931471805599453,2.7958333333333334,80.45238095238095,1.8886904761904764
2014,47,1.0986122886681098,2.6976190476190474,84.9702380952381,1.7261904761904765
2014,49,1.3862943611198906,2.744047619047619,83.27380952380952,1.6607142857142858
2014,52,0.6931471805599453,2.675,86.57738095238095,1.9375
2015,6,2.70805020110221,2.68562874251497,77.25748502994011,3.198802395209581
2015,11,1.791759469228055,2.8130952380952383,75.55357142857143,2.867261904761905
2015,16,2.772588722239781,2.9095238095238094,76.375,2.8636904761904765
2015,21,3.332204510175204,2.8708333333333336,81.1547619047619,2.1857142857142855
2015,26,4.465908118654584,2.9422619047619047,75.11309523809524,3.1119047619047615
2015,31,2.6390573296152584,2.9208333333333334,73.17857142857143,3.5107142857142852
2015,36,1.6094379124341003,2.9035714285714285,74.54761904761905,3.9666666666666663
2015,39,2.3978952727983707,2.8577380952380955,78.82142857142857,3.0458333333333334
2015,41,1.9459101490553132,2.8517857142857146,79.55952380952381,2.4208333333333334
2015,44,1.791759469228055,2.9136904761904763,74.44047619047619,2.956547619047619
2015,46,1.0986122886681098,2.8220238095238095,79.17857142857143,1.6285714285714288
2015,49,2.3978952727983707,2.764880952380953,82.2797619047619,1.8803571428571424
2015,51,2.772588722239781,2.7227108433734943,86.13855421686748,1.8343373493975903
2016,2,3.58351893845611,2.8726190476190476,78.60119047619048,3.2625
2016,7,3.912023005428146,2.787116564417178,82.05521472392638,2.8932515337423315
2016,12,3.4011973816621555,2.9041666666666663,74.67261904761905,2.9958333333333336
2016,17,2.772588722239781,2.9672619047619047,76.19047619047619,2.4601190476190475
2016,22,2.772588722239781,2.9220238095238096,77.55357142857143,2.0958333333333337
2016,27,3.4657359027997265,3.0,73.44642857142857,3.2160714285714285
2016,30,4.1588830833596715,2.729761904761905,81.85714285714286,1.7845238095238096
2016,32,3.4965075614664802,2.886904761904762,74.73809523809524,2.469047619047619
2016,35,2.772588722239781,2.899404761904762,74.16666666666667,2.211904761904762
2016,37,2.302585092994046,2.784431137724551,79.2874251497006,2.161676646706587
2016,40,1.3862943611198906,2.877844311377246,70.38323353293413,1.7550898203592815
2016,42,1.6094379124341003,2.9476190476190474,66.94047619047619,2.3125
2016,45,1.9459101490553132,2.753571428571429,80.21428571428571,1.6583333333333334
2016,47,2.1972245773362196,2.7642857142857142,79.48214285714286,1.6464285714285716
2016,50,1.6094379124341003,2.7738095238095237,73.78571428571429,1.9440476190476192
2016,52,1.791759469228055,2.7166666666666663,74.32142857142857,2.117857142857143
2017,3,2.833213344056216,2.725,85.23214285714286,1.924404761904762
2017,8,2.6390573296152584,2.693452380952381,82.99404761904762,3.691666666666667
2017,13,3.1780538303479458,2.8452380952380953,80.18452380952381,2.5285714285714285
2017,16,3.1354942159291497,2.8279761904761904,82.89285714285714,2.155357142857143
2017,18,3.6635616461296463,2.7845238095238094,85.11904761904762,1.7869047619047618
2017,21,4.276666119016055,2.9011976047904193,82.8443113772455,2.78622754491018
2017,23,3.970291913552122,2.882142857142857,81.29761904761905,2.429761904761905
2017,26,3.2188758248682006,2.794047619047619,82.63095238095238,1.886309523809524
2017,28,2.9444389791664403,2.8035714285714284,81.60714285714286,2.202380952380953
2017,31,2.302585092994046,2.9160714285714286,78.54761904761905,3.545833333333333
2017,33,2.6390573296152584,2.7461077844311377,82.94610778443113,2.034131736526946
2017,36,1.9459101490553132,2.844642857142857,80.41071428571429,3.2827380952380953
2017,38,1.3862943611198906,2.8289156626506027,81.26506024096386,2.5536144578313253
2017,41,2.302585092994046,2.7339285714285717,85.30357142857143,1.9136904761904765
2017,46,2.772588722239781,2.6648809523809525,89.625,1.6922619047619047
2017,51,2.1972245773362196,2.6979166666666665,85.67261904761905,2.4875
2018,2,3.8501476017100584,2.638095238095238,89.30952380952381,1.9380952380952383
2018,4,3.6635616461296463,2.7017857142857142,83.32738095238095,2.2666666666666666
2018,7,3.4011973816621555,2.6595238095238094,73.75595238095238,3.754166666666667
2018,9,3.784189633918261,2.7664670658682633,79.23952095808383,3.2574850299401197
2018,12,2.833213344056216,2.8654761904761905,75.66071428571429,3.2494047619047617
2018,14,3.2188758248682006,2.725,83.61904761904762,1.969642857142857
2018,17,2.6390573296152584,2.8333333333333335,81.49404761904762,2.136904761904762
2018,19,2.995732273553991,2.895238095238095,79.5952380952381,2.246428571428571
2018,22,1.9459101490553132,2.8161676646706586,82.38922155688623,1.9203592814371255
2018,27,2.9444389791664403,2.7202380952380953,82.75,1.825
2018,32,1.3862943611198906,2.8119047619047617,79.60714285714286,3.0386904761904763
2018,37,2.3978952727983707,2.7101190476190475,82.6547619047619,1.6604790419161677
2018,42,3.044522437723423,2.6720238095238096,86.29166666666667,1.4648809523809525
2018,47,3.970291913552122,2.7125,84.61309523809524,1.4714285714285713
2018,52,2.772588722239781,2.7904761904761903,80.85119047619048,2.044642857142857
2019,3,3.4965075614664802,2.8209580838323354,77.89221556886227,3.191616766467066
2019,5,3.1354942159291497,2.7565476190476192,76.38095238095238,3.560714285714286
2019,8,3.4339872044851463,2.806547619047619,75.38095238095238,3.3398809523809527
2019,13,2.302585092994046,2.895238095238095,74.61904761904762,2.8083333333333336
2019,18,2.1972245773362196,2.848809523809524,81.42261904761905,1.7910714285714284
2019,23,3.2188758248682006,2.867857142857143,79.88095238095238,2.2708333333333335
2019,28,3.9512437185814275,2.9029761904761906,76.29166666666667,3.058928571428571
2019,33,2.5649493574615367,2.930892857142857,72.57738095238095,4.568452380952381
2019,38,2.5649493574615367,2.9148809523809525,73.16071428571429,3.7571428571428567
2019,43,2.833213344056216,2.8839285714285716,77.33928571428571,2.3553571428571427
2019,48,3.6635616461296463,2.6892857142857145,85.57142857142857,1.8160714285714288
2020,4,4.2626798770413155,2.8125,78.0,3.6035714285714286
2020,9,1.0986122886681098,2.7654761904761904,78.79761904761905,4.166071428571429
2020,14,1.0986122886681098,2.9125,74.92261904761905,2.9910714285714284
2020,19,,2.786309523809524,84.20833333333333,1.581547619047619
2020,24,,2.8626506024096385,79.17469879518072,2.0289156626506024
2020,29,,2.723809523809524,81.61309523809524,1.8571428571428572
2020,34,,2.7833333333333337,79.49404761904762,1.948809523809524
2020,39,,2.7916666666666665,78.01785714285714,2.4017857142857144
2020,44,,2.8077380952380953,78.47619047619048,1.7148809523809525
2020,49,,2.683928571428571,84.39285714285714,1.693452380952381
2021,1,,2.5345238095238094,89.66666666666667,2.8666666666666667
2021,6,,2.706547619047619,79.78571428571429,5.201190476190476
2021,11,,2.774404761904762,78.94047619047619,4.079761904761905
2021,16,,2.7404761904761905,84.5297619047619,1.9863095238095236
2021,21,,2.8297619047619045,84.95238095238095,2.3625
2021,26,,2.7857142857142856,82.57142857142857,2.2755952380952382
2021,31,,2.8910714285714283,77.71428571428571,3.4029761904761906
2021,36,,2.7696428571428573,81.91071428571429,2.7952380952380955
2021,41,,2.8922619047619045,77.83333333333333,2.8767857142857145
2021,46,,2.7071428571428573,85.88690476190476,2.2482142857142855
2021,51,,2.7553571428571426,79.875,2.8220238095238095
2022,2,,2.7410714285714284,80.19642857142857,3.9458333333333337
2022,7,,2.6333333333333333,83.98214285714286,2.7833333333333337
2022,12,,2.7755952380952382,79.91666666666667,2.517857142857143
2022,17,,2.8086904761904763,82.13690476190476,2.205357142857143
2022,22,1.0986122886681098,2.911785714285714,76.68452380952381,2.525
2022,27,2.302585092994046,2.824404761904762,78.41071428571429,2.919047619047619
2022,32,3.6375861597263857,2.7864670658682633,78.8443113772455,2.8005988023952093
2022,37,4.007333185232471,2.7732142857142854,79.41071428571429,2.4464285714285716
2022,42,4.04305126783455,2.7807692307692307,78.15384615384616,2.1333333333333333
2022,47,2.772588722239781,2.7553571428571426,80.92261904761905,2.0279761904761906
2022,52,2.995732273553991,2.6589285714285715,82.7797619047619,3.836904761904762
2023,3,2.6390573296152584,2.686309523809524,83.82738095238095,2.3851190476190474
2023,8,4.060443010546419,2.6758333333333333,82.58928571428571,4.128571428571429
2023,13,4.499809670330265,2.7033333333333336,84.43452380952381,2.367857142857143
2023,18,3.912023005428146,2.854761904761905,82.18452380952381,2.157142857142857
2023,23,3.713572066704308,2.8658536585365852,81.5609756097561,2.800609756097561
2023,28,4.1588830833596715,2.7976646706586825,81.87425149700599,2.365868263473054
2023,33,4.189654742026425,2.875,77.60119047619048,3.65
2023,38,4.31748811353631,2.920301204819277,76.37349397590361,3.8072289156626504
2023,41,3.9318256327243257,2.9471951219512196,75.90243902439025,3.107317073170732
2023,43,3.332204510175204,2.825714285714286,80.10119047619048,2.1642857142857146
2023,46,3.1780538303479458,2.7880239520958083,82.72455089820359,1.8832335329341316
2023,48,3.912023005428146,2.6976190476190474,85.64880952380952,2.100595238095238
2023,51,3.784189633918261,2.755416666666666,84.76785714285714,2.7797619047619047
2024,4,4.867534450455582,2.6488095238095237,87.02380952380952,3.1577380952380953
2024,9,4.6443908991413725,2.8511904761904763,78.92261904761905,4.483928571428571
2024,14,3.6375861597263857,2.9751785714285712,75.01785714285714,3.4047619047619047
2024,19,3.7376696182833684,2.942168674698795,80.39759036144578,2.5042168674698795
2024,24,4.04305126783455,2.905059523809524,81.38690476190476,2.436309523809524
2024,27,4.248495242049359,2.844464285714286,81.30952380952381,2.3702380952380953
2024,29,4.394449154672439,2.8658024691358026,77.84567901234568,3.51111111111111
2024,32,3.1354942159291497,2.8866666666666667,78.30909090909091,3.175151515151515
2024,34,3.4657359027997265,2.880952380952381,79.125,3.389880952380953
2024,37,2.9444389791664403,2.8583333333333334,79.82738095238095,3.2666666666666666
2024,39,2.70805020110221,2.900535714285714,77.02380952380952,3.1261904761904766
2024,42,3.091042453358316,2.7625,84.23214285714286,2.1083333333333334
2024,44,3.1354942159291497,2.9389221556886227,76.88023952095809,2.911377245508982
2024,47,3.044522437723423,2.7361445783132528,84.48795180722891,1.9
2024,49,4.189654742026425,2.6934131736526945,86.31137724550898,1.9718562874251495
2024,52,3.912023005428146,2.698159509202454,84.38650306748467,3.7588957055214727
2025,5,3.8066624897703196,2.6004242424242423,88.56969696969696,2.9806060606060605
2025,8,3.5553480614894135,2.738848484848485,80.52121212121212,3.7412121212121208
2025,10,3.258096538021482,2.7861006289308174,80.21383647798743,4.8943396226415095
2025,13,2.70805020110221,2.6357142857142857,86.9702380952381,3.794047619047619
2025,15,2.5649493574615367,2.7547619047619047,83.53571428571429,2.711904761904762
2025,18,2.4849066497880004,2.8397590361445784,81.78313253012048,2.405421686746988
2025,20,3.2188758248682006,2.9173652694610777,81.18562874251496,2.322754491017964
2025,23,2.995732273553991,2.9146107784431137,77.82634730538922,2.8245508982035927
2025,25,2.995732273553991,2.960375,76.9625,2.9681249999999997
2025,28,2.302585092994046,2.836904761904762,79.60714285714286,3.0999999999999996
2025,30,2.70805020110221,2.9345238095238093,77.02380952380952,3.683333333333333
2025,33,3.258096538021482,2.8637724550898205,77.50898203592814,2.647305389221557
2025,38,4.0943445622221,2.674909090909091,83.47878787878788,2.060606060606061
2025,43,4.07753744390572,2.8706586826347302,77.0059880239521,2.78622754491018
2001,52,1.6094379124341003,2.6243712574850298,89.0059880239521,2.230538922155689
2002,3,2.0794415416798357,2.6865269461077843,85.0059880239521,3.3455089820359283
2002,8,1.9459101490553132,2.676144578313253,81.66867469879519,4.112650602409639
2007,5,2.6390573296152584,2.619879518072289,85.49397590361446,3.24578313253012
2007,10,2.1972245773362196,2.6422580645161293,87.9483870967742,1.607741935483871
2007,15,2.1972245773362196,2.852590361445783,81.1987951807229,1.6704819277108434
2007,20,2.4849066497880004,2.8363095238095237,84.79761904761905,1.568452380952381
2007,25,2.0794415416798357,2.791845238095238,84.42261904761905,1.2767857142857142
2007,30,1.9459101490553132,2.6994011976047907,88.35329341317366,1.031137724550898
2007,35,1.0986122886681098,2.7429761904761905,84.33928571428571,1.5327380952380951
2007,40,0.6931471805599453,2.8262874251497005,81.2994011976048,1.8748502994011975
2007,45,1.791759469228055,2.6832738095238096,85.23214285714286,1.210714285714286
2007,50,,2.5795833333333333,92.5,1.444047619047619
2008,1,2.9444389791664403,2.6935714285714285,83.3452380952381,1.6083333333333332
2008,6,3.044522437723423,2.6210119047619047,88.6547619047619,2.1333333333333333
2008,11,3.4339872044851463,2.5865476190476193,89.85119047619048,1.861904761904762
2008,16,4.060443010546419,2.751547619047619,84.3452380952381,0.8386904761904762
2008,21,4.276666119016055,2.9185714285714286,77.13690476190476,2.751190476190476
2008,26,3.5553480614894135,2.8154166666666667,80.81547619047619,2.2202380952380953
2008,31,3.1354942159291497,2.728690476190476,83.3452380952381,1.8482142857142856
2008,36,3.4657359027997265,2.6829761904761904,87.70238095238095,1.238095238095238
2008,39,2.995732273553991,2.87875,78.76190476190476,2.3077380952380953
2008,41,3.1780538303479458,2.7344642857142856,84.5952380952381,1.311904761904762
2008,44,3.1780538303479458,2.742142857142857,85.97619047619048,1.1107142857142858
2008,46,3.091042453358316,2.7817857142857143,83.29761904761905,1.1398809523809523
2008,49,2.70805020110221,2.7625,84.76785714285714,1.1589285714285713
2008,51,3.367295829986474,2.675416666666667,84.8452380952381,2.0333333333333337
2009,2,2.302585092994046,2.6899404761904764,83.5,1.717857142857143
2009,7,2.4849066497880004,2.7030357142857144,77.28571428571429,3.2642857142857142
2009,12,3.091042453358316,2.6695238095238096,86.85119047619048,1.1404761904761904
2009,17,3.713572066704308,2.8789285714285717,81.80357142857143,1.8404761904761904
2009,22,4.5217885770490405,2.927857142857143,82.53571428571429,1.9339285714285717
2009,25,4.718498871295094,2.9492261904761903,79.77380952380952,2.1940476190476192
2009,27,5.780743515792329,2.814550898203593,81.96407185628742,1.7359281437125746
2009,30,6.466144724237619,2.880119047619048,80.17261904761905,2.594047619047619
2009,32,6.51471269087253,2.8832738095238093,75.36904761904762,2.9404761904761907
2009,35,5.6937321388027,2.8071428571428574,80.71428571428571,2.0470238095238096
2009,37,5.293304824724492,2.8055952380952385,82.53571428571429,2.128571428571429
2009,40,1.0986122886681098,2.8758333333333335,79.48809523809524,2.017857142857143
2009,42,0.6931471805599453,2.8311904761904763,83.44642857142857,1.8988095238095235
2009,45,,2.750297619047619,85.57142857142857,1.4666666666666668
2009,47,1.0986122886681098,2.670297619047619,88.0297619047619,1.2327380952380953
2010,4,4.477336814478207,2.734107142857143,84.69642857142857,2.5053571428571426
2010,9,2.772588722239781,2.938809523809524,76.33333333333333,2.6125
2010,14,4.543294782270004,2.7680952380952384,86.79166666666667,1.5511904761904762
2010,19,5.521460917862246,2.970595238095238,80.125,1.6749999999999998
2010,24,4.59511985013459,2.842738095238095,84.14285714285714,1.444047619047619
2010,29,4.07753744390572,2.8048809523809526,85.375,2.047619047619047
2010,32,3.332204510175204,2.8479761904761904,82.60119047619048,2.4029761904761906
2010,34,3.713572066704308,2.751369047619048,85.76190476190476,2.110119047619047
2010,37,3.5263605246161616,2.8267857142857142,80.28571428571429,2.3904761904761904
2010,39,3.5553480614894135,2.771369047619048,85.97619047619048,1.6738095238095236
2010,42,2.4849066497880004,2.9073214285714286,78.9702380952381,2.1160714285714284
2010,44,2.833213344056216,2.7465269461077844,82.92215568862275,1.9155688622754492
2010,47,2.3978952727983707,2.7570238095238095,86.45238095238095,1.7869047619047618
2010,49,2.5649493574615367,2.690952380952381,85.97619047619048,1.7958333333333332
2010,52,3.1354942159291497,2.6920238095238096,84.3452380952381,2.2047619047619045
2011,5,3.6109179126442243,2.5650299401197607,91.76646706586828,3.165269461077844
2011,10,2.9444389791664403,2.720357142857143,84.21428571428571,2.2845238095238094
2011,13,2.0794415416798357,2.774583333333333,82.23809523809524,2.036309523809524
2011,15,1.6094379124341003,2.7583928571428573,84.13690476190476,2.6422619047619045
2011,18,1.3862943611198906,2.781071428571429,85.49404761904762,1.825595238095238
2011,20,1.791759469228055,2.842202380952381,86.70238095238095,1.9791666666666667
2011,23,2.5649493574615367,2.7817575757575757,87.96363636363637,1.8151515151515152
2011,25,3.6375861597263857,2.880833333333334,80.92857142857143,2.8654761904761905
2011,28,3.828641396489095,2.911488095238095,80.32738095238095,3.232142857142857
2011,30,3.4011973816621555,2.8636904761904765,81.80952380952381,2.6761904761904765
2011,33,2.833213344056216,2.797590361445783,84.15060240963855,2.922289156626506
2011,35,1.9459101490553132,2.750952380952381,85.125,2.630952380952381
2011,38,2.302585092994046,2.766785714285714,84.83333333333333,2.2095238095238097
2011,43,2.3978952727983707,2.7060119047619047,87.73214285714286,1.7482142857142855
2011,48,2.833213344056216,2.7327380952380955,89.75595238095238,1.9267857142857143
2012,1,3.258096538021482,2.6936904761904765,87.66071428571429,2.6339285714285716
2012,4,3.1780538303479458,2.659107142857143,90.13095238095238,2.007738095238095
2012,6,3.6888794541139363,2.6536309523809525,89.375,2.9482142857142857
2012,9,3.295836866004329,2.778809523809524,85.29761904761905,2.5791666666666666
2012,11,3.2188758248682006,2.695238095238095,87.69642857142857,2.0333333333333337
2012,14,2.70805020110221,2.706845238095238,85.86904761904762,1.850595238095238
2012,16,2.5649493574615367,2.7435119047619048,87.76190476190476,1.842857142857143
2012,19,3.2188758248682006,2.7386904761904765,86.48214285714286,1.6595238095238096
2012,24,3.332204510175204,2.8633928571428573,80.54166666666667,2.042261904761905
2012,29,2.0794415416798357,2.7149404761904763,85.63690476190476,2.3023809523809526
2012,34,2.1972245773362196,2.8279166666666664,78.7797619047619,3.5327380952380953
2012,39,2.1972245773362196,2.838035714285714,80.1547619047619,1.9827380952380953
2012,44,2.6390573296152584,2.8808982035928143,76.37724550898204,2.373053892215569
2012,49,3.258096538021482,2.7204761904761905,86.25595238095238,1.638095238095238
2013,2,3.367295829986474,2.754431137724551,83.24550898203593,2.0772455089820356
2013,5,3.4011973816621555,2.715892857142857,81.18452380952381,3.1422619047619045
2013,10,2.0794415416798357,2.769761904761905,85.17857142857143,2.5904761904761906
2013,15,2.3978952727983707,2.844702380952381,83.25,1.7958333333333332
2013,20,3.1354942159291497,2.8404761904761906,84.875,2.1095238095238096
2013,25,2.5649493574615367,2.9714285714285715,71.17857142857143,1.7053571428571428
2013,30,1.3862943611198906,2.7958333333333334,80.39880952380952,1.9446428571428571
2013,35,1.0986122886681098,2.8467065868263473,77.06586826347305,3.1844311377245504
2013,40,2.4849066497880004,2.7875,81.10119047619048,1.8720238095238095
2013,45,3.1780538303479458,2.7208333333333337,85.85714285714286,1.6375000000000002
2013,50,3.2188758248682006,2.6053892215568863,89.92215568862275,1.8191616766467067
2014,1,3.258096538021482,2.694610778443114,82.33532934131736,3.023952095808383
2014,6,2.4849066497880004,2.6107784431137726,74.59880239520957,3.620958083832336
2014,11,2.0794415416798357,2.7714285714285714,73.20238095238095,3.682738095238096
2014,16,2.4849066497880004,2.7833333333333337,82.13690476190476,1.8089285714285712
2014,21,2.8903717578961645,2.8257485029940117,81.08383233532935,1.7047904191616765
2014,26,3.9318256327243257,2.9916666666666667,74.28571428571429,2.3755952380952383
2014,31,3.58351893845611,2.9440476190476192,76.39880952380952,3.111309523809524
2014,36,2.5649493574615367,2.7434523809523808,80.05357142857143,2.3107142857142855
2014,41,1.6094379124341003,2.8550898203592814,75.37724550898204,2.8580838323353293
2014,46,1.0986122886681098,2.7398809523809526,82.42857142857143,2.019047619047619
2014,51,1.6094379124341003,2.841317365269461,76.89221556886227,2.7778443113772453
2015,3,2.302585092994046,2.6220238095238093,86.47619047619048,2.3017857142857143
2015,8,1.3862943611198906,2.6827380952380953,74.5,3.783928571428571
2015,13,2.0794415416798357,2.8392857142857144,76.92857142857143,2.9672619047619047
2015,18,2.6390573296152584,2.8523809523809525,77.45833333333333,2.070238095238095
2015,23,3.6888794541139363,2.937261904761905,75.5297619047619,3.1196428571428574
2015,28,3.784189633918261,2.906547619047619,75.30952380952381,3.0916666666666663
2015,33,2.0794415416798357,2.799404761904762,80.81547619047619,2.9601190476190475
2015,38,1.9459101490553132,2.8416666666666663,76.10119047619048,2.8803571428571426
2015,43,1.6094379124341003,2.919047619047619,74.6547619047619,2.8904761904761904
2015,48,1.791759469228055,2.8375,78.63095238095238,1.9136904761904765
2015,53,1.791759469228055,2.7892857142857146,82.06547619047619,2.479761904761905
2016,4,3.5263605246161616,2.856547619047619,78.375,3.066071428571429
2016,9,3.784189633918261,2.8023809523809526,78.08928571428571,3.763690476190476
2016,14,2.1972245773362196,2.943452380952381,73.96428571428571,3.3529761904761903
2016,19,2.3978952727983707,3.0017857142857145,75.71428571428571,2.2875
2016,24,2.4849066497880004,2.8625,80.2797619047619,1.7642857142857142
2016,29,4.330733340286331,2.797619047619047,80.29761904761905,1.8482142857142856
2016,34,2.772588722239781,2.9161676646706587,75.75449101796407,2.826946107784431
2016,39,1.9459101490553132,2.8404761904761906,72.24404761904762,1.955952380952381
2016,44,2.1972245773362196,2.7279761904761903,79.42857142857143,1.6160714285714286
2016,49,1.9459101490553132,2.7505952380952383,75.80357142857143,1.8535714285714284
2017,5,2.5649493574615367,2.623809523809524,86.43452380952381,2.3726190476190476
2017,10,2.70805020110221,2.6547619047619047,87.11904761904762,2.911309523809524
2017,15,2.833213344056216,2.797619047619047,82.55952380952381,1.7190476190476192
2017,20,4.23410650459726,2.8416666666666663,83.98809523809524,2.229761904761905
2017,25,3.4965075614664802,2.8357142857142854,81.03571428571429,2.3119047619047617
2017,30,2.70805020110221,2.8916666666666666,78.63095238095238,3.3476190476190473
2017,35,0.6931471805599453,2.8172619047619047,80.83333333333333,2.9934523809523808
2017,40,2.772588722239781,2.7595238095238095,83.8452380952381,1.6315476190476192
2017,43,2.0794415416798357,2.9089285714285715,78.95238095238095,2.0089285714285716
2017,45,2.3978952727983707,2.7357142857142858,85.41071428571429,1.7922619047619048
2017,48,2.5649493574615367,2.686309523809524,87.58928571428571,1.8672619047619048
2017,50,2.302585092994046,2.705952380952381,86.00595238095238,2.031547619047619
2018,1,2.4849066497880004,2.6345238095238095,90.55357142857144,2.3464285714285715
2018,6,3.9889840465642745,2.692857142857143,82.69642857142857,3.3464285714285715
2018,11,3.295836866004329,2.768452380952381,80.89285714285714,3.0327380952380953
2018,16,2.6390573296152584,2.8560975609756096,79.75,2.3292682926829267
2018,21,2.995732273553991,2.8494047619047618,81.66071428571429,1.769047619047619
2018,24,2.4849066497880004,2.9892215568862275,76.40718562874251,2.859880239520958
2018,26,2.8903717578961645,2.7595238095238095,82.88095238095238,2.123809523809524
2018,29,3.091042453358316,2.8422619047619047,78.625,3.0017857142857145
2018,31,2.4849066497880004,2.8694610778443113,77.2814371257485,3.132934131736527
2018,34,1.791759469228055,2.930357142857143,74.76785714285714,4.180952380952381
2018,36,1.0986122886681098,2.7910714285714286,78.31547619047619,2.1595238095238094
2018,39,2.8903717578961645,2.7509554140127386,80.45859872611464,2.2656050955414013
2018,41,2.1972245773362196,2.8910714285714283,76.08928571428571,2.8970238095238097
2018,44,2.5649493574615367,2.773855421686747,82.56024096385542,1.608433734939759
2018,46,3.784189633918261,2.7267857142857146,84.32738095238095,1.6291666666666669
2018,49,4.1588830833596715,2.742261904761905,85.56547619047619,1.897619047619048
2019,2,3.5263605246161616,2.894047619047619,73.73809523809524,2.9934523809523808
2019,7,3.258096538021482,2.819642857142857,73.70238095238095,3.4017857142857144
2019,10,2.1972245773362196,2.829761904761905,73.31547619047619,3.725595238095238
2019,12,2.9444389791664403,2.877278481012658,69.66455696202532,2.9563291139240504
2019,15,2.3978952727983707,2.842857142857143,75.43452380952381,2.482738095238095
2019,17,2.4849066497880004,2.941071428571429,77.375,2.3291666666666666
2019,20,2.833213344056216,2.9261904761904765,83.07738095238095,1.6124999999999998
2019,22,3.1354942159291497,2.9482142857142857,77.54761904761905,2.569642857142857
2019,25,3.6635616461296463,2.8803571428571426,80.1547619047619,2.5267857142857144
2019,27,3.4011973816621555,2.9113095238095235,76.30357142857143,3.5125
2019,30,3.5553480614894135,2.9047619047619047,75.51785714285714,3.7148809523809527
2019,35,2.5649493574615367,2.908333333333333,74.08333333333333,4.097023809523809
2019,40,2.70805020110221,2.835928143712575,77.67664670658682,2.2706586826347306
2019,45,2.9444389791664403,2.8607142857142858,75.48214285714286,1.8922619047619047
2019,50,3.6375861597263857,2.7149700598802395,81.08982035928143,3.388622754491018
2020,1,3.295836866004329,2.7660714285714283,79.02380952380952,3.294047619047619
2020,3,4.605170185988092,2.743452380952381,80.36309523809524,2.8589285714285717
2020,6,3.332204510175204,2.792261904761905,77.13095238095238,3.724404761904762
2020,8,0.6931471805599453,2.8130952380952383,79.07142857142857,3.0452380952380955
2020,11,1.6094379124341003,2.8348214285714284,78.89285714285714,2.6988095238095235
2020,13,1.6094379124341003,2.8107142857142855,77.57142857142857,2.786309523809524
2020,16,,2.877844311377246,77.80239520958084,2.37125748502994
2020,21,,2.9107142857142856,79.61904761904762,2.297619047619047
2020,26,,2.7208333333333337,86.42857142857143,1.5327380952380951
2020,31,,2.784431137724551,80.08383233532935,2.3622754491017965
2020,36,,2.8142857142857145,77.03571428571429,2.706547619047619
2020,41,,2.8023809523809526,78.23809523809524,1.975
2020,46,,2.7035714285714283,83.35714285714286,1.6589285714285713
2020,51,,2.675595238095238,85.19047619047619,2.6136904761904765
2021,3,,2.6053571428571427,83.92857142857143,4.955952380952381
2021,5,,2.661309523809524,83.5,4.5113095238095235
2021,8,,2.6897560975609753,73.22764227642277,5.760975609756097
2021,10,,2.8101190476190476,77.81547619047619,4.501190476190477
2021,13,,2.7196428571428575,84.82142857142857,2.5839285714285714
2021,15,,2.850595238095238,79.73809523809524,2.9803571428571427
2021,18,,2.863095238095238,81.73214285714286,2.4547619047619045
2021,20,,2.8422619047619047,85.17261904761905,2.2476190476190476
2021,23,,2.938690476190476,80.88690476190476,2.8261904761904764
2021,28,,2.7601190476190474,84.01785714285714,2.2029761904761904
2021,33,,2.7952380952380955,82.67857142857143,2.613690476190476
2021,38,,2.8636904761904765,79.32142857142857,3.2101190476190475
2021,43,,2.725595238095238,85.625,2.1964285714285716
2021,48,,2.7547619047619047,79.66666666666667,2.0041666666666664
2022,1,,2.636904761904762,85.16666666666667,2.707738095238095
2022,4,,2.7125,77.95833333333333,4.054166666666667
2022,9,2.0794415416798357,2.691071428571429,81.125,3.452380952380953
2022,14,,2.775,80.60714285714286,2.2476190476190476
2022,19,0.6931471805599453,2.877844311377246,80.61676646706587,3.0508982035928143
2022,24,1.6094379124341003,2.7386904761904765,82.64880952380952,1.9851190476190477
2022,29,3.1354942159291497,2.905357142857143,77.99404761904762,3.2547619047619043
2022,34,3.4011973816621555,2.8214285714285716,78.5952380952381,3.1761904761904765
2022,39,4.442651256490317,2.778383233532934,78.07784431137725,1.9532934131736528
2022,44,3.295836866004329,2.7257738095238095,81.04166666666667,2.2148809523809527
2022,49,2.833213344056216,2.6699386503067486,86.23926380368098,1.8159509202453987
2023,5,3.5553480614894135,2.4773809523809525,89.70833333333333,3.5482142857142858
2023,10,4.663439094112067,2.4604402515723267,90.40880503144656,3.009433962264151
2023,15,4.477336814478207,2.768869047619048,82.41666666666667,2.1464285714285714
2023,20,3.970291913552122,3.01144578313253,75.03012048192771,3.1144578313253013
2023,25,4.060443010546419,2.899512195121951,79.92682926829268,2.7243902439024392
2023,30,4.442651256490317,2.8025,82.91071428571429,3.1380952380952385
2023,35,3.970291913552122,2.859272727272727,79.69090909090909,3.290909090909091
2023,40,3.8918202981106265,2.9140243902439025,76.41463414634147,3.4865853658536583
2023,45,3.7612001156935624,2.8737804878048783,77.90853658536585,2.151219512195122
2023,50,3.6888794541139363,2.7398809523809526,84.74404761904762,2.4267857142857143
2024,1,4.290459441148391,2.681547619047619,89.17857142857143,2.9476190476190474
2024,6,4.68213122712422,2.769047619047619,81.2797619047619,4.282142857142857
2024,11,4.290459441148391,2.791017964071856,82.68263473053892,2.87125748502994
2024,16,3.5553480614894135,2.8653061224489793,82.06122448979592,3.165986394557823
2024,21,3.4339872044851463,2.8803571428571426,84.02380952380952,2.4625
2024,26,4.2626798770413155,2.820238095238095,81.68452380952381,2.9607142857142854
2024,31,3.5553480614894135,3.0125748502994014,73.1556886227545,4.6946107784431135
2024,36,3.5263605246161616,2.9125,76.35119047619048,3.3440476190476187
2024,41,3.4657359027997265,2.7910714285714286,81.25595238095238,2.1964285714285716
2024,46,3.1354942159291497,2.7773809523809527,81.27380952380952,2.1809523809523808
2024,51,3.8501476017100584,2.773214285714286,83.14285714285714,2.219047619047619
2025,2,4.465908118654584,2.7660714285714283,81.71428571428571,4.169642857142857
2025,7,3.828641396489095,2.6642424242424245,79.94545454545455,5.015151515151516
2025,12,2.995732273553991,2.805389221556886,81.98203592814372,3.475449101796407
2025,17,2.9444389791664403,2.7738095238095237,84.67857142857143,2.138095238095238
2025,22,3.4965075614664802,2.8955357142857143,80.00595238095238,2.644047619047619
2025,27,3.091042453358316,2.9416666666666664,76.6547619047619,3.5250000000000004
2025,32,2.6390573296152584,2.8824242424242428,79.45454545454545,3.191515151515152
2025,35,3.7612001156935624,2.7845121951219514,78.54268292682927,2.528658536585366
2025,37,4.189654742026425,2.745364238410596,82.54304635761589,3.03841059602649
2025,40,4.204692619390966,2.8814371257485027,78.16167664670658,2.8622754491017965
2025,42,4.0943445622221,2.8302976190476192,77.61309523809524,2.6708333333333334
2002,2,1.0986122886681098,2.7031927710843373,80.96385542168674,3.4963855421686745
2002,4,1.791759469228055,2.774011976047904,81.34131736526946,2.8748502994011975
2002,7,1.0986122886681098,2.7275449101796405,77.62275449101796,3.1958083832335333
2002,9,1.6094379124341003,2.7730952380952383,82.10179640718563,3.306547619047619
2002,12,2.3978952727983707,2.834107142857143,80.50595238095238,2.9261904761904765
2007,1,1.9459101490553132,2.6142073170731708,86.83536585365853,1.6658536585365853
2007,4,2.833213344056216,2.729107142857143,86.69047619047619,1.9285714285714288
2007,6,2.70805020110221,2.642202380952381,76.26190476190476,3.7958333333333334
2007,9,2.302585092994046,2.7723214285714284,82.5952380952381,1.5666666666666669
2007,11,1.9459101490553132,2.7961585365853656,80.60975609756098,2.2560975609756095
2007,14,2.0794415416798357,2.743869047619048,88.16071428571429,0.7922619047619047
2007,16,2.8903717578961645,2.8029761904761905,86.79761904761905,0.993452380952381
2007,19,2.70805020110221,2.8051785714285713,86.67261904761905,1.8166666666666669
2007,21,2.5649493574615367,2.800952380952381,84.72619047619048,0.8184523809523809
2007,24,1.6094379124341003,2.875892857142857,81.04761904761905,1.1857142857142855
2007,26,2.302585092994046,2.8476190476190473,83.5297619047619,1.6595238095238096
2007,29,1.6094379124341003,2.871197604790419,80.73652694610779,2.377245508982036
2007,34,1.0986122886681098,2.6883333333333335,87.17857142857143,1.4547619047619047
2007,39,1.0986122886681098,2.856826347305389,81.31736526946108,2.4922155688622754
2007,44,1.6094379124341003,2.773452380952381,82.4702380952381,1.4666666666666668
2007,49,0.6931471805599453,2.6976785714285714,79.63095238095238,2.6642857142857146
2008,2,3.1354942159291497,2.5923214285714287,88.19642857142857,1.7851190476190475
2008,5,3.1354942159291497,2.7538095238095237,84.76785714285714,3.1940476190476192
2008,7,3.4657359027997265,2.7144720496894412,81.5527950310559,3.1701863354037267
2008,10,3.332204510175204,2.6232142857142855,86.8452380952381,1.823809523809524
2008,15,3.4339872044851463,2.799166666666667,81.55952380952381,1.2202380952380951
2008,20,4.276666119016055,2.842142857142857,80.08333333333333,1.675595238095238
2008,25,3.2188758248682006,2.849640718562874,81.01796407185628,2.249700598802395
2008,30,2.4849066497880004,2.737202380952381,84.31547619047619,1.9726190476190475
2008,35,2.3978952727983707,2.6467261904761905,88.875,1.706547619047619
2008,40,2.5649493574615367,2.7843636363636364,81.52727272727273,1.7987878787878788
2008,45,3.4657359027997265,2.7451190476190477,84.7202380952381,1.0291666666666668
2008,50,2.0794415416798357,2.688511904761905,85.00595238095238,1.6476190476190478
2009,1,2.4849066497880004,2.649107142857143,85.81547619047619,1.8851190476190476
2009,6,1.791759469228055,2.698690476190476,76.60119047619048,3.1297619047619043
2009,11,2.995732273553991,2.657797619047619,88.74404761904762,1.2125
2009,16,2.772588722239781,2.756047904191617,86.92814371257485,1.4419161676646708
2009,21,4.727387818712341,2.8348809523809524,83.23214285714286,1.3922619047619047
2009,26,5.4680601411351315,2.963035714285714,77.89880952380952,2.574404761904762
2009,31,6.4967749901858625,2.7919642857142857,82.53571428571429,2.1720238095238096
2009,36,5.583496308781699,2.7618452380952383,83.66071428571429,2.0410714285714286
2009,41,1.0986122886681098,2.7955357142857142,84.08333333333333,1.7047619047619047
2009,46,0.6931471805599453,2.7604166666666665,87.375,1.5273809523809525
2010,3,4.499809670330265,2.7342261904761904,78.29166666666667,3.1184523809523808
2010,8,2.9444389791664403,2.897393939393939,75.66666666666667,3.4454545454545453
2010,13,3.871201010907891,2.854702380952381,82.05357142857143,2.047619047619047
2010,18,5.720311776607412,2.964166666666667,79.11309523809524,1.8583333333333332
2010,23,5.030437921392435,2.8944642857142857,83.11309523809524,1.530357142857143
2010,28,4.143134726391533,2.827261904761905,82.30357142857143,1.6559523809523808
2010,33,3.8501476017100584,2.766785714285714,87.6547619047619,2.1315476190476192
2010,38,3.784189633918261,2.8213690476190476,81.69047619047619,2.274404761904762
2010,43,3.044522437723423,2.7744311377245507,85.47305389221557,1.6736526946107784
2010,48,2.833213344056216,2.729047619047619,86.35714285714286,1.9196428571428572
2011,4,4.290459441148391,2.6975,78.16071428571429,3.3839285714285716
2011,9,3.258096538021482,2.7726190476190475,79.57738095238095,3.3541666666666665
2011,14,2.3978952727983707,2.7992261904761904,83.27380952380952,2.2142857142857144
2011,19,1.9459101490553132,2.905357142857143,83.875,2.05
2011,24,3.1780538303479458,2.8445833333333335,83.625,1.9035714285714287
2011,29,3.4657359027997265,2.831845238095238,82.01785714285714,2.9035714285714285
2011,34,2.0794415416798357,2.8438095238095236,79.78571428571429,3.142857142857143
2011,39,2.833213344056216,2.734166666666667,85.35119047619048,2.2982142857142858
2011,44,2.833213344056216,2.72422619047619,87.98214285714286,1.786309523809524
2011,49,3.258096538021482,2.653452380952381,89.70238095238095,1.9511904761904764
2012,5,3.5553480614894135,2.689523809523809,85.04761904761905,2.5910714285714285
2012,10,2.9444389791664403,2.720297619047619,87.79166666666667,2.0726190476190474
2012,15,2.995732273553991,2.7255357142857144,86.51785714285714,1.8285714285714283
2012,20,2.9444389791664403,2.8486309523809523,82.10119047619048,1.863690476190476
2012,25,3.1780538303479458,2.930654761904762,77.06547619047619,2.9761904761904763
2012,30,2.6390573296152584,2.777857142857143,82.11309523809524,2.280357142857143
2012,35,2.0794415416798357,2.7679761904761904,82.25,2.492857142857143
2012,40,2.0794415416798357,2.782797619047619,80.41071428571429,2.1208333333333336
2012,45,2.8903717578961645,2.6782738095238097,85.42261904761905,1.7720238095238094
2012,48,2.9444389791664403,2.7201785714285713,86.03571428571429,1.5952380952380951
2012,50,3.295836866004329,2.7339880952380953,83.98214285714286,1.9714285714285713
2013,1,3.1780538303479458,2.655868263473054,87.8502994011976,1.85748502994012
2013,6,1.9459101490553132,2.747724550898204,81.88622754491018,3.308982035928144
2013,11,1.791759469228055,2.7935714285714286,81.33333333333333,3.0791666666666666
2013,16,2.4849066497880004,2.8119642857142857,83.57738095238095,1.8041666666666667
2013,21,2.772588722239781,2.855952380952381,81.58333333333333,1.7095238095238094
2013,26,1.791759469228055,3.026190476190476,65.0952380952381,2.061309523809524
2013,31,1.9459101490553132,2.768452380952381,83.05952380952381,2.1416666666666666
2013,34,1.6094379124341003,2.7952380952380955,80.39880952380952,2.525
2013,36,1.791759469228055,2.7982142857142858,80.76190476190476,2.479761904761905
2013,39,2.833213344056216,2.8720238095238093,79.04761904761905,2.6267857142857145
2013,41,3.367295829986474,2.805357142857143,76.98809523809524,2.0970238095238094
2013,44,3.4657359027997265,2.737083333333333,82.82142857142857,1.9125
2013,46,3.6109179126442243,2.7208333333333337,85.85119047619048,1.5779761904761906
2013,49,3.4011973816621555,2.6642857142857146,89.16666666666667,1.8357142857142856
2013,51,3.7376696182833684,2.732142857142857,84.99404761904762,2.172619047619047
2014,2,3.5553480614894135,2.626190476190476,88.20238095238095,2.3321428571428573
2014,7,2.8903717578961645,2.6904761904761907,78.50595238095238,3.304761904761905
2014,12,1.6094379124341003,2.7761904761904765,78.67261904761905,3.320238095238095
2014,15,2.1972245773362196,2.8341317365269463,79.12574850299401,2.3191616766467065
2014,17,2.0794415416798357,2.825,81.3452380952381,1.936309523809524
2014,20,2.302585092994046,2.87125748502994,81.5688622754491,1.9095808383233532
2014,22,3.9512437185814275,2.8398809523809527,82.42261904761905,2.0470238095238096
2014,25,3.7376696182833684,2.945030303030303,78.11515151515151,2.090909090909091
2014,27,4.110873864173311,2.871428571428571,76.46428571428571,2.1446428571428573
2014,30,4.110873864173311,2.9148809523809525,78.25595238095238,2.8142857142857145
2014,32,3.4339872044851463,2.825,80.8562874251497,2.4589285714285714
2014,35,2.70805020110221,2.7857142857142856,81.39285714285714,2.6232142857142855
2014,37,2.1972245773362196,2.8166666666666664,78.4702380952381,2.1642857142857146
2014,40,1.3862943611198906,2.85,77.26785714285714,2.844047619047619
2014,45,1.0986122886681098,2.8755952380952383,78.27380952380952,1.824404761904762
2014,50,1.3862943611198906,2.7375,81.83928571428571,1.6273809523809522
2015,4,2.772588722239781,2.7113095238095237,75.4047619047619,3.6011904761904763
2015,9,2.70805020110221,2.746428571428571,76.625,3.5529761904761905
2015,12,2.0794415416798357,2.7642857142857147,77.80357142857143,3.0541666666666667
2015,14,2.302585092994046,2.8595238095238096,77.17857142857143,3.3803571428571426
2015,17,3.044522437723423,2.919642857142857,74.20833333333333,2.5023809523809524
2015,19,2.772588722239781,2.7686746987951807,83.71084337349397,1.583132530120482
2015,22,3.784189633918261,2.8767857142857145,80.3452380952381,2.450595238095238
2015,24,3.9512437185814275,2.8779761904761907,78.93452380952381,2.0648809523809524
2015,27,3.367295829986474,2.9791666666666665,72.875,3.7369047619047615
2015,29,2.833213344056216,2.9023809523809527,78.33333333333333,2.988095238095238
2015,32,2.302585092994046,2.7970238095238096,78.22619047619048,3.020238095238095
2015,34,1.3862943611198906,2.8367261904761905,80.11904761904762,3.2214285714285715
2015,37,0.6931471805599453,2.9232142857142853,73.2797619047619,3.7970238095238096
2015,42,1.3862943611198906,2.8625,76.41071428571429,2.445238095238095
2015,47,2.0794415416798357,2.7892857142857146,80.28571428571429,1.8470238095238096
2015,52,1.3862943611198906,2.817857142857143,75.76190476190476,2.3154761904761907
2016,3,3.6109179126442243,2.8437125748503,81.2994011976048,2.3850299401197605
2016,5,3.9512437185814275,2.8702380952380953,78.14880952380952,3.0732142857142852
2016,8,4.0943445622221,2.747914110429448,79.23926380368098,3.2104294478527606
2016,10,3.4965075614664802,2.8595238095238096,78.2202380952381,3.6178571428571424
2016,13,2.6390573296152584,2.9213836477987423,74.1006289308176,3.2716981132075476
2016,15,2.1972245773362196,2.94311377245509,76.10179640718563,2.38562874251497
2016,18,2.0794415416798357,2.910179640718563,79.03592814371258,1.8580838323353297
2016,20,2.5649493574615367,2.907831325301205,80.5421686746988,1.827710843373494
2016,23,3.1780538303479458,2.8702380952380953,78.78571428571429,1.9642857142857144
2016,25,3.6375861597263857,2.805357142857143,78.75,1.6952380952380952
2016,28,4.219507705176107,2.9404761904761907,74.80952380952381,2.6386904761904764
2016,33,3.6109179126442243,2.9232142857142853,73.17857142857143,2.229761904761905
2016,38,2.0794415416798357,2.8339285714285714,75.57142857142857,1.9714285714285713
2016,43,,2.831547619047619,75.96428571428571,1.810119047619048
2016,48,1.0986122886681098,2.7527272727272725,75.84242424242424,1.901818181818182
2017,1,2.302585092994046,2.6809523809523808,80.36904761904762,2.1125
2017,4,1.791759469228055,2.639759036144578,88.50602409638554,2.2638554216867472
2017,6,3.1354942159291497,2.6982142857142857,84.50595238095238,2.1529761904761906
2017,9,2.833213344056216,2.7101190476190475,85.04761904761905,2.6035714285714286
2017,11,3.1354942159291497,2.7327380952380955,81.55357142857143,3.0482142857142858
2017,14,2.772588722239781,2.6702380952380955,87.58333333333333,1.5386904761904765
2017,19,3.5553480614894135,2.8494047619047618,82.08333333333333,1.9005952380952384
2017,24,3.8501476017100584,2.9321428571428574,79.64880952380952,3.0952380952380953
2017,29,3.332204510175204,2.7363095238095236,82.95238095238095,2.4845238095238096
2017,34,2.772588722239781,2.806666666666666,81.85454545454546,3.1963636363636363
2017,39,2.0794415416798357,2.792261904761905,80.875,2.211904761904762
2017,44,2.3978952727983707,2.7245508982035926,86.44311377245509,1.6317365269461075
2017,49,2.70805020110221,2.7773809523809527,84.63095238095238,2.1148809523809526
2018,5,3.8501476017100584,2.686309523809524,85.28571428571429,1.924404761904762
2018,10,2.9444389791664403,2.825,79.44047619047619,3.0363095238095235
2018,15,2.9444389791664403,2.8702380952380953,75.8452380952381,3.1476190476190475
2018,20,3.044522437723423,2.9648809523809523,74.0,3.0601190476190476
2018,25,2.302585092994046,2.8720238095238093,80.63095238095238,2.405952380952381
2018,30,2.8903717578961645,2.9041666666666663,77.88690476190476,3.3738095238095234
2018,35,1.9459101490553132,2.827380952380953,79.4047619047619,2.656547619047619
2018,40,2.772588722239781,2.930357142857143,74.20238095238095,3.5232142857142854
2018,45,3.5553480614894135,2.751190476190476,82.75,1.943452380952381
2018,50,3.6888794541139363,2.7755952380952382,83.75595238095238,1.8345238095238097
2019,1,2.6390573296152584,2.8148809523809524,77.89880952380952,1.911309523809524
2019,6,2.3978952727983707,2.8148809523809524,77.10714285714286,3.5964285714285715
2019,11,2.1972245773362196,2.8839285714285716,74.18452380952381,2.844642857142857
2019,16,2.6390573296152584,2.8720238095238093,79.0952380952381,2.1386904761904764
2019,21,2.1972245773362196,2.9017857142857144,78.96428571428571,2.042261904761905
2019,26,3.367295829986474,2.8035714285714284,81.61904761904762,2.2220238095238094
2019,31,3.58351893845611,2.9047619047619047,77.0297619047619,3.3351190476190475
2019,36,2.302585092994046,2.8666666666666667,75.14880952380952,3.6869047619047617
2019,41,2.6390573296152584,2.7703636363636366,79.2060606060606,2.5109090909090908
2019,46,3.091042453358316,2.8950920245398772,75.12269938650307,2.025766871165644
2019,51,4.04305126783455,2.519047619047619,91.61904761904762,1.9922619047619048
2020,2,4.532599493153256,2.7565476190476192,79.42857142857143,3.322619047619048
2020,7,1.6094379124341003,2.7529761904761907,76.45833333333333,3.167857142857143
2020,12,1.9459101490553132,2.9036305732484076,76.42038216560509,3.298089171974522
2020,17,0.6931471805599453,2.9767857142857146,72.22619047619048,2.863095238095238
2020,22,,2.899404761904762,79.85714285714286,1.7452380952380953
2020,27,,2.8220238095238095,80.13095238095238,2.8589285714285717
2020,32,,2.8285714285714283,78.17857142857143,2.644047619047619
2020,37,,2.7416071428571427,82.26190476190476,2.1208333333333336
2020,42,,2.820359281437126,75.77245508982035,2.269047619047619
2020,45,,2.8011904761904765,80.2797619047619,1.8952380952380952
2020,47,,2.8142857142857145,81.25595238095238,2.4541666666666666
2020,50,,2.7416666666666667,83.61904761904762,3.123214285714286
2020,52,,2.6470238095238097,86.60119047619048,2.3154761904761907
2021,4,,2.630952380952381,83.67857142857143,3.996428571428571
2021,9,,2.7517857142857145,78.20833333333333,3.6053571428571423
2021,14,,2.7958333333333334,82.0297619047619,1.9470238095238095
2021,19,,2.8220238095238095,83.75595238095238,2.0833333333333335
2021,24,,2.843452380952381,81.36904761904762,2.536309523809524
2021,29,,2.830952380952381,79.85119047619048,2.963690476190476
2021,34,,2.6678571428571427,85.71428571428571,2.2410714285714284
2021,39,,2.8238095238095235,81.42261904761905,2.6761904761904765
2021,44,,2.792261904761905,82.85119047619048,2.344642857142857
2021,49,,2.752694610778443,78.65269461077844,3.3437125748502994
2021,52,,2.753571428571429,82.21428571428571,3.3029761904761905
2022,5,,2.761964285714286,75.73214285714286,3.885714285714285
2022,10,0.6931471805599453,2.7202380952380953,82.91071428571429,2.961904761904762
2022,15,,2.7060119047619047,83.30357142857143,1.8130952380952383
2022,20,,2.901676646706586,78.22155688622755,2.5832335329341314
2022,25,1.9459101490553132,2.7476646706586827,81.92215568862275,2.2407185628742514
2022,30,3.295836866004329,2.779940476190476,81.98214285714286,2.231547619047619
2022,33,3.5263605246161616,2.9,76.94478527607362,3.0122699386503067
2022,35,3.6635616461296463,2.67,85.51785714285714,2.2029761904761904
2022,38,4.248495242049359,2.7439880952380955,79.9702380952381,2.7035714285714283
2022,40,3.828641396489095,2.790239520958084,78.88023952095809,1.7664670658682635
2022,43,3.5263605246161616,2.7552147239263807,81.50306748466258,2.247239263803681
2022,45,2.6390573296152584,2.674404761904762,85.38690476190476,2.139880952380953
2022,48,2.995732273553991,2.746987951807229,81.7710843373494,2.113253012048193
2022,50,3.2188758248682006,2.654320987654321,85.59876543209876,1.924074074074074
2023,1,3.091042453358316,2.691071428571429,79.30952380952381,3.8416666666666663
2023,6,3.970291913552122,2.599378881987578,86.14906832298136,3.0142857142857142
2023,11,4.584967478670572,2.6904761904761907,81.89285714285714,5.0
2023,16,4.442651256490317,2.834277108433735,82.06626506024097,2.516265060240964
2023,19,4.0943445622221,2.888511904761905,80.70833333333333,3.0345238095238094
2023,21,4.007333185232471,2.8328484848484847,82.45454545454545,2.5
2023,24,3.5553480614894135,2.8689285714285715,80.52380952380952,3.0410714285714286
2023,26,3.6375861597263857,2.915722891566265,77.3855421686747,2.816867469879518
2023,29,4.30406509320417,2.784191616766467,83.32335329341318,2.4502994011976047
2023,31,4.442651256490317,2.965329341317365,76.08383233532935,4.513173652694611
2023,34,4.48863636973214,2.796969696969697,81.98181818181818,2.7618181818181817
2023,36,4.248495242049359,2.9151785714285716,74.625,4.172023809523809
2023,39,4.30406509320417,2.798076923076923,81.19871794871794,2.673076923076923
2023,44,3.4965075614664802,2.8286904761904763,79.4702380952381,2.0625
2023,49,4.007333185232471,2.7125,85.35714285714286,2.3095238095238093
2024,2,4.709530201312334,2.6357142857142857,88.32142857142857,3.0291666666666663
2024,5,4.787491742782046,2.7113095238095237,85.78571428571429,4.393452380952381
2024,7,4.382026634673881,2.7601190476190474,82.89880952380952,4.066666666666667
2024,10,4.382026634673881,2.832228915662651,80.90963855421687,4.2054216867469885
2024,12,4.23410650459726,2.8625000000000003,76.80357142857143,4.404761904761905
2024,15,3.58351893845611,2.996428571428571,74.26785714285714,2.941071428571429
2024,17,3.6109179126442243,2.858452380952381,83.77380952380952,1.907142857142857
2024,20,3.4339872044851463,2.894478527607362,80.80981595092024,2.336196319018405
2024,22,3.9889840465642745,2.8592857142857144,85.11904761904762,2.2434523809523808
2024,25,3.871201010907891,2.873809523809524,79.82142857142857,2.1208333333333336
2024,30,3.784189633918261,2.983132530120482,75.39156626506023,4.466867469879518
2024,35,3.4011973816621555,2.8033928571428572,78.95238095238095,2.632738095238095
2024,40,3.091042453358316,2.815609756097561,80.5060975609756,2.419512195121951
2024,45,3.2188758248682006,2.819216867469879,81.60843373493977,2.0909638554216867
2024,50,3.7376696182833684,2.8234567901234566,78.66666666666667,2.562962962962963
2025,1,4.07753744390572,2.7220238095238094,82.91666666666667,3.580357142857143
2025,3,4.189654742026425,2.600602409638554,86.71084337349397,3.866867469879518
2025,6,4.30406509320417,2.660479041916168,78.12574850299401,4.6263473053892215
2025,11,2.9444389791664403,2.7416666666666667,84.875,3.044642857142857
2025,16,2.5649493574615367,2.7862500000000003,83.55952380952381,2.2892857142857146
2025,21,3.258096538021482,2.8144642857142856,82.99404761904762,2.1678571428571427
2025,26,3.258096538021482,2.8467065868263473,78.41916167664671,2.564071856287425
2025,31,3.2188758248682006,2.930357142857143,77.30357142857143,3.264880952380953
2025,36,3.828641396489095,2.8718749999999997,76.36458333333333,3.2770833333333336
2025,41,4.382026634673881,2.8041666666666667,78.5952380952381,2.4095238095238094
2002,5,1.3862943611198906,2.6612048192771085,87.97590361445783,2.9216867469879517
2002,10,1.6094379124341003,2.805389221556886,82.37125748502994,3.786227544910179
2007,2,2.0794415416798357,2.7261309523809523,84.16071428571429,1.2142857142857142
2007,7,2.0794415416798357,2.7310119047619046,82.19047619047619,3.4023809523809527
2007,12,1.9459101490553132,2.795900621118012,84.64596273291926,1.0472049689440994
2007,17,2.302585092994046,2.8661309523809524,83.08928571428571,0.7785714285714287
2007,22,1.6094379124341003,2.8716167664670658,83.79041916167665,1.4922155688622754
2007,27,1.9459101490553132,2.9063690476190476,80.32142857142857,1.5452380952380953
2007,32,1.3862943611198906,2.840119047619047,77.80357142857143,2.1648809523809525
2007,37,2.0794415416798357,2.7665060240963855,83.45180722891567,2.0602409638554215
2007,42,0.6931471805599453,2.78644578313253,84.56626506024097,1.1993975903614458
2007,47,1.0986122886681098,2.6767261904761903,88.78571428571429,0.7595238095238095
2007,52,1.9459101490553132,2.6407738095238096,87.98214285714286,1.3392857142857142
2008,3,3.58351893845611,2.613832335329341,90.58083832335328,0.959880239520958
2008,8,3.295836866004329,2.6896407185628743,79.97604790419162,3.277245508982036
2008,13,3.828641396489095,2.6792261904761907,85.5952380952381,1.4720238095238096
2008,18,3.8501476017100584,2.8522155688622752,81.98203592814372,1.958682634730539
2008,23,3.295836866004329,2.7816071428571427,83.79761904761905,1.7166666666666666
2008,28,3.4965075614664802,2.8369642857142856,78.41666666666667,2.6547619047619047
2008,33,2.833213344056216,2.7935119047619046,81.38690476190476,2.797619047619047
2008,38,2.995732273553991,2.7495833333333333,83.98809523809524,1.875
2008,43,3.332204510175204,2.7580357142857146,86.9047619047619,0.9315476190476192
2008,48,2.4849066497880004,2.7279761904761903,86.31547619047619,1.3363095238095235
2009,4,2.0794415416798357,2.657380952380952,75.66666666666667,4.5755952380952385
2009,9,2.772588722239781,2.7786309523809525,80.20238095238095,2.8577380952380955
2009,14,2.995732273553991,2.794464285714286,82.3452380952381,1.818452380952381
2009,19,4.812184355372417,2.844047619047619,82.96428571428571,1.6761904761904762
2009,24,3.9512437185814275,2.9233333333333333,80.51785714285714,2.3410714285714285
2009,29,6.398594934535208,2.800297619047619,81.98214285714286,2.0523809523809526
2009,34,5.945420608606575,2.866547619047619,81.91666666666667,2.1660714285714286
2009,39,,2.7588690476190476,85.13095238095238,1.7333333333333332
2009,44,,2.9076785714285713,78.69047619047619,1.793452380952381
2010,1,4.553876891600541,2.7548809523809523,83.78571428571429,2.1660714285714286
2010,6,3.828641396489095,2.868035714285714,79.25,3.183333333333333
2010,11,2.8903717578961645,2.8892857142857142,78.07142857142857,2.45
2010,16,5.0106352940962555,2.83125,84.63690476190476,1.5553571428571429
2010,21,5.332718793265369,2.9122619047619045,82.375,1.7244047619047618
2010,26,4.127134385045092,2.770654761904762,84.85119047619048,2.0297619047619047
2010,31,3.6888794541139363,2.7378443113772457,84.25149700598803,2.123952095808383
2010,36,3.4657359027997265,2.8220238095238095,80.3452380952381,2.1482142857142854
2010,41,3.4339872044851463,2.878443113772455,80.88023952095809,1.7904191616766467
2010,46,1.791759469228055,2.694404761904762,88.13690476190476,1.7613095238095238
2010,51,2.4849066497880004,2.6638690476190474,86.11309523809524,1.9458333333333333
2011,2,4.189654742026425,2.6041666666666665,88.50595238095238,2.4125
2011,7,3.58351893845611,2.737797619047619,81.33333333333333,3.3
2011,12,3.044522437723423,2.671317365269461,89.03592814371258,1.7574850299401197
2011,17,1.0986122886681098,2.8257831325301206,83.16265060240964,2.4240963855421684
2011,22,2.3978952727983707,2.8648214285714286,85.63690476190476,1.825
2011,27,3.58351893845611,2.825595238095238,83.85714285714286,2.764880952380953
2011,32,2.8903717578961645,2.7775,85.10714285714286,2.4375
2011,37,2.5649493574615367,2.823154761904762,82.14880952380952,3.1458333333333335
2011,40,3.295836866004329,2.801309523809524,82.28571428571429,2.2916666666666665
2011,42,3.258096538021482,2.7748214285714288,86.2202380952381,2.5672619047619047
2011,45,3.091042453358316,2.704404761904762,86.54761904761905,1.8345238095238097
2011,47,2.8903717578961645,2.694166666666667,89.41666666666667,1.7190476190476192
2011,50,3.044522437723423,2.68562874251497,87.7125748502994,2.098203592814371
2012,3,2.9444389791664403,2.660595238095238,89.22619047619048,2.117261904761905
2012,8,3.4339872044851463,2.676309523809524,88.83928571428571,2.1125
2012,13,3.1354942159291497,2.761488095238095,86.83928571428571,1.8053571428571429
2012,18,2.995732273553991,2.844880952380952,83.25595238095238,1.7636904761904764
2012,21,3.2188758248682006,2.8592261904761904,83.88690476190476,1.8410714285714287
2012,23,3.4339872044851463,2.81797619047619,85.74404761904762,1.8904761904761904
2012,26,2.70805020110221,2.8870833333333334,78.50595238095238,2.9714285714285715
2012,28,2.6390573296152584,2.735059523809524,84.04166666666667,2.0839285714285714
2012,31,2.302585092994046,2.8597619047619047,77.42857142857143,3.4857142857142858
2012,33,2.302585092994046,2.8693452380952382,76.52380952380952,3.804761904761905
2012,36,2.0794415416798357,2.7728571428571427,82.67857142857143,2.9916666666666663
2012,38,2.3978952727983707,2.8220238095238095,79.13690476190476,2.338690476190476
2012,41,2.0794415416798357,2.825297619047619,78.79761904761905,1.8011904761904762
2012,43,2.5649493574615367,2.661845238095238,88.53571428571429,1.5226190476190478
2012,46,2.8903717578961645,2.7129761904761907,86.32738095238095,1.5446428571428572
2012,51,3.2188758248682006,2.6291666666666664,90.35119047619048,1.8321428571428573
2013,4,3.367295829986474,2.63297619047619,85.49404761904762,3.0982142857142856
2013,7,1.9459101490553132,2.5955357142857145,90.9345238095238,1.7851190476190475
2013,9,1.3862943611198906,2.708690476190476,83.02380952380952,2.0839285714285714
2013,12,2.302585092994046,2.8285714285714283,79.95833333333333,2.6529761904761906
2013,14,1.9459101490553132,2.874345238095238,83.01785714285714,1.8363095238095235
2013,17,2.3978952727983707,2.846607142857143,81.5952380952381,1.8839285714285712
2013,19,2.1972245773362196,2.8445238095238095,83.85119047619048,1.943452380952381
2013,22,2.995732273553991,2.8190476190476192,83.5,1.6452380952380952
2013,24,3.091042453358316,2.8035928143712576,83.20958083832335,1.7389221556886223
2013,27,1.791759469228055,2.8511904761904763,78.0,1.5083333333333333
2013,29,1.6094379124341003,2.7279761904761903,82.23214285714286,1.6595238095238096
2013,32,1.3862943611198906,2.7714285714285714,80.39880952380952,2.344047619047619
2013,37,1.791759469228055,2.6267857142857145,86.38690476190476,1.4470238095238095
2013,42,3.044522437723423,2.8017857142857143,79.26785714285714,1.886904761904762
2013,47,3.091042453358316,2.683928571428571,85.32738095238095,1.8142857142857145
2013,52,2.9444389791664403,2.6293413173652698,86.02994011976048,2.435928143712575
2014,3,3.367295829986474,2.668072289156626,83.42168674698796,2.4987951807228916
2014,5,2.6390573296152584,2.5833333333333335,75.08928571428571,3.6107142857142858
2014,8,3.091042453358316,2.7767857142857144,77.35119047619048,4.107142857142857
2014,10,2.5649493574615367,2.7654761904761904,74.24404761904762,3.939880952380952
2014,13,2.3978952727983707,2.7767857142857144,79.8452380952381,2.7130952380952382
2014,18,2.1972245773362196,2.875,80.27380952380952,2.0196428571428573
2014,23,3.828641396489095,2.8517857142857146,81.52380952380952,1.8791666666666669
2014,28,4.110873864173311,2.843452380952381,81.06547619047619,1.7999999999999998
2014,33,3.4339872044851463,2.7720238095238097,80.10119047619048,2.407142857142857
2014,38,2.3978952727983707,2.8517857142857146,76.88690476190476,2.6761904761904765
2014,43,1.3862943611198906,2.8279761904761904,80.82142857142857,2.0601190476190476
2014,48,1.0986122886681098,2.7482142857142855,85.13095238095238,1.7553571428571426
2015,1,1.0986122886681098,2.6273809523809524,87.91666666666667,1.9339285714285712
2015,2,2.6390573296152584,2.6838323353293414,79.52095808383234,2.464670658682635
2015,5,1.9459101490553132,2.7029761904761904,75.4047619047619,3.8779761904761902
2015,7,2.6390573296152584,2.65,79.05357142857143,3.8880952380952385
2015,10,2.3978952727983707,2.8029761904761905,75.74404761904762,3.4375
2015,15,2.1972245773362196,2.7835714285714284,83.89285714285714,1.907142857142857
2015,20,3.1354942159291497,2.9261904761904765,78.32142857142857,2.7208333333333337
2015,25,4.276666119016055,2.7946107784431136,81.39520958083833,1.9646706586826348
2015,30,2.70805020110221,2.9422619047619047,77.23214285714286,3.8416666666666663
2015,35,1.791759469228055,2.9,74.00595238095238,3.4642857142857144
2015,40,1.6094379124341003,2.8726190476190476,75.11309523809524,2.2261904761904763
2015,45,2.302585092994046,2.7779761904761906,79.18452380952381,1.9648809523809525
2015,50,1.6094379124341003,2.809404761904762,82.5297619047619,2.144047619047619
2016,1,3.332204510175204,2.681547619047619,86.69047619047619,2.5113095238095235
2016,6,2.833213344056216,2.804761904761905,80.22619047619048,3.3910714285714287
2016,11,3.5553480614894135,2.909580838323353,78.10179640718563,2.965868263473054
2016,16,2.0794415416798357,2.969277108433735,76.33132530120481,2.2524096385542167
2016,21,2.833213344056216,2.895209580838323,81.05389221556887,2.119760479041916
2016,26,3.9889840465642745,2.8470238095238094,78.45238095238095,2.1166666666666667
2016,31,4.2626798770413155,2.8101190476190476,77.9702380952381,1.825
2016,36,2.5649493574615367,2.8130952380952383,78.30952380952381,1.6821428571428574
2016,41,1.6094379124341003,2.8279761904761904,72.01785714285714,1.6142857142857143
2016,46,1.9459101490553132,2.7267857142857146,81.4702380952381,1.6416666666666668
2016,51,1.3862943611198906,2.7875,69.3452380952381,2.0113095238095235
2017,2,3.091042453358316,2.806547619047619,81.99404761904762,2.275
2017,7,3.091042453358316,2.679761904761905,82.78571428571429,3.2232142857142856
2017,12,3.091042453358316,2.780357142857143,81.74404761904762,2.1916666666666664
2017,17,3.5263605246161616,2.7833333333333337,85.10119047619048,1.6375000000000002
2017,22,3.7612001156935624,2.8333333333333335,85.7202380952381,2.7125
2017,27,3.332204510175204,2.787245508982036,82.07185628742515,2.2053892215568864
2017,32,1.6094379124341003,2.913095238095238,77.125,4.023214285714285
2017,37,2.3978952727983707,2.7607142857142857,84.46428571428571,2.1077380952380955
2017,42,2.0794415416798357,2.832738095238095,80.91666666666667,1.8363095238095235
2017,47,2.5649493574615367,2.7291666666666665,87.36904761904762,1.681547619047619
2017,52,2.1972245773362196,2.6875,83.55952380952381,2.378571428571429
2018,3,3.332204510175204,2.4309523809523808,90.14880952380952,2.2708333333333335
2018,8,3.091042453358316,2.7392857142857143,79.13095238095238,3.294047619047619
2018,13,2.302585092994046,2.8363095238095237,77.10714285714286,2.8
2018,18,2.1972245773362196,2.867857142857143,80.38095238095238,2.1125
2018,23,2.772588722239781,2.8233532934131738,82.05988023952096,1.622754491017964
2018,28,2.833213344056216,2.8410714285714285,78.70833333333333,3.175
2018,33,2.302585092994046,2.875,78.72619047619048,3.011904761904762
2018,38,2.1972245773362196,2.843928571428571,75.0,2.817142857142857
2018,43,2.6390573296152584,2.8209580838323354,78.04790419161677,1.9814371257485028
2018,48,3.713572066704308,2.7470238095238093,83.44642857142857,1.5880952380952382
2018,51,3.5553480614894135,2.691071428571429,84.76190476190476,1.7839285714285713
2019,4,3.4011973816621555,2.7476190476190476,78.66666666666667,2.6547619047619047
2019,9,3.332204510175204,2.8404761904761906,75.27380952380952,3.2767857142857144
2019,14,2.3978952727983707,2.8577380952380955,78.25,2.4214285714285717
2019,19,2.772588722239781,2.9392857142857145,80.49404761904762,1.8613095238095236
2019,24,3.4339872044851463,2.8375,81.51785714285714,2.4803571428571427
2019,29,4.276666119016055,2.9,78.29166666666667,3.763690476190476
2019,32,2.3978952727983707,2.944642857142857,68.77380952380952,4.214880952380953
2019,34,2.4849066497880004,2.9619047619047616,71.47619047619048,4.389285714285714
2019,37,2.5649493574615367,2.940718562874251,73.23952095808383,4.508982035928144
2019,39,2.4849066497880004,2.906296296296296,73.94444444444444,4.314814814814815
2019,42,2.5649493574615367,2.8708333333333336,77.0,2.3
2019,44,2.833213344056216,2.7425149700598803,83.20958083832335,1.7161676646706587
2019,47,3.258096538021482,2.8345238095238097,78.85119047619048,2.042261904761905
2019,49,3.6888794541139363,2.7625,85.50595238095238,2.117261904761905
2019,52,3.784189633918261,2.6857142857142855,87.67857142857143,2.282142857142857
2020,5,3.5553480614894135,2.7940476190476193,77.76785714285714,3.554761904761905
2020,10,1.6094379124341003,2.8341317365269463,74.74251497005989,3.750299401197605
2020,15,,2.9140963855421687,76.37951807228916,2.6018072289156624
2020,18,,2.849700598802395,79.30538922155688,1.8880239520958084
2020,20,,2.9380952380952383,79.07738095238095,2.4994047619047617
2020,23,,2.8636904761904765,80.74404761904762,1.8833333333333333
2020,25,,2.878571428571429,78.82142857142857,2.6541666666666663
2020,28,,2.895238095238095,77.00595238095238,3.231547619047619
2020,30,,2.8287425149700596,78.26946107784431,2.362874251497006
2020,33,,2.9238095238095236,77.42857142857143,2.929761904761905
2020,35,,2.7845238095238094,79.8452380952381,2.4458333333333333
2020,38,,2.700595238095238,82.03571428571429,2.094642857142857
2020,40,,2.7791666666666663,78.99404761904762,2.1303571428571426
2020,43,,2.889880952380953,74.58928571428571,2.2601190476190474
2020,48,,2.7113095238095237,83.17857142857143,1.6964285714285714
2020,53,,2.7333333333333334,85.14880952380952,3.088095238095238
2021,2,,2.538922155688623,92.07185628742516,3.4874251497005986
2021,7,,2.7202380952380953,79.60119047619048,4.913095238095238
2021,12,,2.816071428571429,79.96428571428571,3.1970238095238095
2021,17,,2.8035928143712576,82.34131736526946,2.3568862275449103
2021,22,,2.9161676646706587,80.89221556886227,2.5125748502994014
2021,25,,2.7642857142857142,83.16666666666667,2.1738095238095236
2021,27,0.6931471805599453,2.7833333333333337,83.25595238095238,2.7244047619047618
2021,30,,2.943452380952381,77.53571428571429,3.5934523809523813
2021,32,,2.825595238095238,82.67857142857143,2.9375
2021,35,,2.6761904761904765,86.39880952380952,2.6011904761904763
2021,37,,2.7839285714285715,80.78571428571429,3.1845238095238093
2021,40,,2.744047619047619,84.50595238095238,2.4208333333333334
2021,42,,2.886904761904762,80.83928571428571,2.8589285714285717
2021,45,,2.686309523809524,88.5297619047619,1.855952380952381
2021,47,,2.7529761904761907,84.9702380952381,2.007738095238095
2021,50,,2.717857142857143,81.6547619047619,4.154761904761905
2022,3,,2.7235119047619047,76.83333333333333,5.044047619047619
2022,6,,2.7547619047619047,79.80952380952381,4.210714285714285
2022,8,1.3862943611198906,2.7375,80.98214285714286,3.183928571428571
2022,11,0.6931471805599453,2.7898809523809525,80.1547619047619,3.517857142857143
2022,13,0.6931471805599453,2.8023809523809526,81.81547619047619,2.6523809523809527
2022,16,0.6931471805599453,2.84814371257485,78.61676646706587,1.904191616766467
2022,18,,2.8166666666666664,83.38095238095238,2.2398809523809526
2022,21,1.0986122886681098,2.8749404761904764,79.86904761904762,2.4726190476190473
2022,23,1.0986122886681098,2.829047619047619,80.10119047619048,2.1654761904761903
2022,26,3.091042453358316,2.775,81.19642857142857,2.8380952380952382
2022,28,2.772588722239781,2.8232142857142857,79.47619047619048,2.7589285714285716
2022,31,3.713572066704308,2.837083333333333,79.68452380952381,2.9202380952380955
2022,36,3.5263605246161616,2.765059523809524,80.81547619047619,2.517857142857143
2022,41,4.204692619390966,2.6779761904761905,83.81547619047619,2.1577380952380953
2022,46,2.70805020110221,2.645952380952381,87.80952380952381,2.0821428571428573
2022,51,3.1354942159291497,2.60625,88.48125,2.838125
2023,2,3.295836866004329,2.702380952380953,82.13690476190476,2.7553571428571426
2023,4,2.772588722239781,2.6454491017964075,85.81437125748504,3.325149700598802
2023,7,3.6888794541139363,2.668214285714286,85.50595238095238,3.3696428571428574
2023,9,4.343805421853684,2.708690476190476,79.7202380952381,5.20952380952381
2023,12,4.5217885770490405,2.727738095238095,80.58333333333333,4.624404761904762
2023,14,4.276666119016055,2.75125,82.64285714285714,2.468452380952381
2023,17,3.8501476017100584,2.889880952380953,80.10714285714286,2.5976190476190473
2023,22,3.5263605246161616,2.9174850299401194,78.57485029940119,3.208982035928144
2023,27,4.007333185232471,2.8374404761904763,80.80952380952381,2.975
2023,32,4.418840607796598,2.884060606060606,78.75151515151515,3.3703030303030306
2023,37,4.356708826689592,2.8134146341463415,79.3780487804878,3.1243902439024387
2023,42,3.6635616461296463,2.9907185628742514,73.46706586826348,2.7850299401197605
2023,47,3.091042453358316,2.773053892215569,82.9940119760479,2.4598802395209582
2023,52,3.828641396489095,2.7048809523809525,86.53571428571429,3.0410714285714286
2024,3,4.820281565605037,2.6745238095238095,87.42857142857143,3.2339285714285713
2024,8,4.499809670330265,2.7755952380952382,83.32738095238095,4.416071428571429
2024,13,3.5553480614894135,2.913214285714286,75.30357142857143,4.500595238095238
2024,18,3.2188758248682006,3.0005952380952383,77.36309523809524,2.556547619047619
2024,23,3.5553480614894135,2.854610778443114,83.92814371257485,2.3161676646706586
2024,28,4.418840607796598,2.838690476190476,81.18452380952381,2.5
2024,33,3.295836866004329,2.883030303030303,77.39393939393939,3.363636363636364
2024,38,3.1780538303479458,2.8456969696969696,78.2969696969697,3.268484848484848
2024,43,3.1354942159291497,2.8035714285714284,80.93452380952381,2.2869047619047618
2024,48,3.2188758248682006,2.718452380952381,86.33333333333333,2.2232142857142856
2025,4,4.3694478524670215,2.6232738095238095,87.94642857142857,4.020238095238095
2025,9,3.4965075614664802,2.7333333333333334,82.7030303030303,3.9648484848484857
2025,14,2.4849066497880004,2.74,85.07185628742515,2.681437125748503
2025,19,2.9444389791664403,2.804761904761905,83.05952380952381,2.217857142857143
2025,24,2.772588722239781,2.8784756097560975,80.14024390243902,2.7847560975609755
2025,29,2.6390573296152584,2.8228915662650604,80.6144578313253,3.1078313253012047
2025,34,3.6109179126442243,2.793452380952381,79.11904761904762,3.294642857142857
2025,39,4.51085950651685,2.838690476190476,79.9047619047619,2.764880952380953
