inf_a_log_diff,inf_b_log_diff,avg_temp,humidity,season_sin,season_cos
-0.762140052046897,-2.302585092994046,-0.227007445778633,72.59690379079889,-0.992708874098054,0.1205366802553232
1.1451323043030026,1.3862943611198906,26.045022650069996,83.18242384421066,-0.970941817426052,0.2393156642875573
0.3901976359773758,2.374905754573672,23.198104220320648,42.05724341591556,-0.9350162426854148,0.3546048870425355
0.5618111784988589,-1.276293465905562,22.82587431970309,70.6935826565763,-0.8854560256532101,0.464723172043768
0.26101382536961903,0.5108256237659905,6.760163104166289,68.329104527483,-0.822983865893657,0.5680647467311548
-0.055569851154810834,-0.9162907318741551,5.208953135923574,61.68915364300778,-0.7485107481711011,0.6631226582407953
0.2568546086565222,0.9162907318741551,-0.59260137774229,79.31358795254035,-0.6631226582407956,0.7485107481711007
0.04852704089466009,-0.05129329438755059,-2.8752078464033963,73.4408407743092,-0.5680647467311559,0.8229838658936564
-0.010582109330536937,-0.4595323293784399,-2.4385967421896053,68.31121567875977,-0.4647231720437684,0.88545602565321
-0.18658595558041213,0.0,24.720591632198783,54.225791815886275,-0.3546048870425359,0.9350162426854148
0.031548357734926036,0.6931471805599454,17.32605218171329,85.77254462004738,-0.2393156642875578,0.970941817426052
0.14434230872873854,0.31845373111853403,7.173665010109103,71.12387828539951,-0.1205366802553236,0.992708874098054
-0.0899482366629396,0.37469344944141136,21.68838209603507,41.75160515681011,6.432490598706546e-16,1.0
-0.6031989438970058,0.04082199452025481,29.78992896114358,68.70672653440177,0.120536680255323,0.992708874098054
0.609064063349404,0.39204208777602423,6.513638580956225,64.00164134088466,0.2393156642875577,0.970941817426052
-0.36254006339113065,-0.3337731796520482,18.89748019018142,65.86309500489268,0.3546048870425356,0.9350162426854148
-0.6847789308894292,-0.7922380832041762,28.12292704886264,64.50178035473645,0.4647231720437685,0.8854560256532099
-1.3217558399823193,-1.5686159179138452,6.124257636263633,80.61136134082032,0.5680647467311558,0.8229838658936564
0.8649974374866045,1.3350010667323398,1.630762816826492,85.46527549324544,0.6631226582407952,0.7485107481711011
0.1910552367627094,0.8622235106038798,27.235338264742392,40.792725078773266,0.7485107481711011,0.6631226582407953
-0.11506932978478712,0.9891280558264213,9.286233483106992,42.691467180382176,0.8229838658936564,0.5680647467311558
0.07061756721395307,0.13146313956046374,4.064026819431207,40.794530317749185,0.8854560256532098,0.4647231720437686
0.06595796779179741,0.16649651564955725,19.102854250560064,57.2212381542278,0.9350162426854148,0.3546048870425355
-0.8056251639866354,0.2095547072523134,23.033984092715457,88.63897746950943,0.970941817426052,0.239315664287558
0.2876820724517808,-0.05103148001244584,0.1695168213054015,75.12181200947664,0.992708874098054,0.120536680255323
-0.19671029424605413,0.005221943981151611,27.822016887539533,57.49338809327791,1.0,-1.6081226496766366e-16
-0.1910552367627094,-3.060270794691562,5.19231368179819,71.14223112923654,-1.0,-1.8369701987210294e-16
-1.1526795099383853,-1.0986122886681098,16.99935412219841,86.27776323144053,-0.992708874098054,0.1205366802553232
0.7731898882334818,1.6094379124341003,0.8159305287309448,82.08366667080605,-0.970941817426052,0.2393156642875573
-0.3677247801253172,-2.70805020110221,21.53703714233795,49.14630174513624,-0.9350162426854148,0.3546048870425355
-0.25131442828090633,1.791759469228055,19.75395183692515,48.33015237880756,-0.8854560256532101,0.464723172043768
0.5389965007326871,0.6931471805599454,-1.9840262236620316,76.18330754960769,-0.822983865893657,0.5680647467311548
-0.8754687373538999,-1.791759469228055,27.124332339774504,78.04967442989441,-0.7485107481711011,0.6631226582407953
0.33647223662121273,0.9162907318741552,5.347541156394175,46.0370621453006,-0.6631226582407956,0.7485107481711007
0.9444616088408513,0.0,10.176776555682908,40.79703770800572,-0.5680647467311559,0.8229838658936564
0.4054651081081646,0.5877866649021191,4.9865479734997615,69.0924654432956,-0.4647231720437684,0.88545602565321
0.8938178760220961,0.693147180559945,-1.6501091273023916,40.211885416585936,-0.3546048870425359,0.9350162426854148
0.29898162770571446,0.1541506798272585,-4.09203728954205,89.72152607459145,-0.2393156642875578,0.970941817426052
0.43134455609598543,0.38946476676172326,7.072934178631295,68.79532579118056,-0.1205366802553236,0.992708874098054
0.5934478203368574,0.17693070815907763,21.815944316143995,84.32298377911373,6.432490598706546e-16,1.0
-0.3149317148991564,-0.24362208265774976,22.50955233655652,73.34089189203665,0.120536680255323,0.992708874098054
0.7879549740186116,0.7915872533731974,25.201507212330217,88.08799860129709,0.2393156642875577,0.970941817426052
0.08889402580424655,-0.4700036292457357,28.81243219014665,63.0104784701253,0.3546048870425356,0.9350162426854148
-0.24346355380516727,0.22314355131421015,0.4825510634412883,50.33096163097568,0.4647231720437685,0.8854560256532099
-0.3808440237178168,-0.5798184952529422,18.397432251405707,89.57271156748467,0.5680647467311558,0.8229838658936564
-0.08040042543803771,-0.15415067982725805,3.9047883589281303,67.88684675577977,0.6631226582407952,0.7485107481711011
-0.7654678421395706,-0.28768207245178123,1.187509954507488,65.33620905714257,0.7485107481711011,0.6631226582407953
-1.427116355640146,-0.9444616088408513,17.837175338592875,79.31383298872763,0.8229838658936564,0.5680647467311558
0.9650808960435868,0.5389965007326871,6.242712581590993,50.320602048895225,0.8854560256532098,0.4647231720437686
-0.1728428128394106,0.6505875661411493,18.42014864377318,84.11265625165878,0.9350162426854148,0.3546048870425355
0.6044190649512609,1.1411719030869056,13.007461559627062,56.1983754692036,0.970941817426052,0.239315664287558
-0.2980448594873275,-0.1991286751103356,11.041247432642546,69.859708456495,0.992708874098054,0.120536680255323
0.01379332213233564,-0.14571181118139398,27.6633546316988,89.27299845400873,1.0,-1.6081226496766366e-16
-4.290459441148391,-2.833213344056216,23.07986509343945,63.17897397230074,-0.992708874098054,0.1205366802553232
1.3862943611198906,1.9459101490553132,-3.4206990742324805,62.81096099942728,-0.970941817426052,0.2393156642875573
1.749199854809259,0.2876820724517808,11.45061018750622,61.09881636782709,-0.9350162426854148,0.3546048870425355
-0.9382696385929301,-0.4418327522790393,9.657662923708244,85.21143236404933,-0.8854560256532101,0.464723172043768
0.0,0.3285040669720365,5.313748234480332,81.64339862941496,-0.822983865893657,0.5680647467311548
0.7985076962177713,0.518793793415167,24.45260242971155,65.76409413252657,-0.7485107481711011,0.6631226582407953
-0.5978370007556202,-0.04879016416943216,7.920952673618396,66.80833506093772,-0.6631226582407956,0.7485107481711007
0.24116205681688774,0.18232155679395534,2.8000802786204164,77.48930485410823,-0.5680647467311559,0.8229838658936564
-2.6390573296152584,-0.575364144903562,22.88121104549895,41.65820627210668,-0.4647231720437684,0.88545602565321
2.9444389791664403,1.09861228866811,7.127239789547,53.73479876181031,-0.3546048870425359,0.9350162426854148
0.35139788683788886,0.4653632496892328,6.1425999314368696,66.10473939591817,-0.2393156642875578,0.970941817426052
-0.5877866649021191,-0.18698356989976617,-0.098896786724395,74.98619021485929,-0.1205366802553236,0.992708874098054
-0.6286086594223743,-1.340624324286702,18.96242109742247,76.82940956719267,6.432490598706546e-16,1.0
1.5314763709643882,0.5179430915348546,4.221411282223258,74.77081086977637,0.120536680255323,0.992708874098054
0.4666195312614958,1.3968764704504277,13.593194007260866,47.67743220188781,0.2393156642875577,0.970941817426052
-0.33986782562235174,-0.4348397167880691,8.661744882894942,56.18739885371026,0.3546048870425356,0.9350162426854148
-0.6466271649250519,0.00809721023262,17.540880816249356,52.84021190180851,0.4647231720437685,0.8854560256532099
-0.20067069546215155,-1.1067094989007291,29.14964971224308,66.02951367466927,0.5680647467311558,0.8229838658936564
2.6390573296152584,2.4849066497880004,23.170494497544976,66.64377224248466,0.7485107481711011,0.6631226582407953
1.252762968495368,1.7491998548092593,11.274921203553529,54.33837808473707,0.8229838658936564,0.5680647467311558
-0.10763066419236544,0.3302416868705764,-2.975574859781372,45.67944427352469,0.8854560256532098,0.4647231720437686
0.44991687067899866,0.08004270767353638,1.4794792428031156,61.00357427402509,0.9350162426854148,0.3546048870425355
-0.15656906069153997,0.16779345623104458,9.62339248933834,86.02554261634818,0.970941817426052,0.239315664287558
0.049596941139371964,-0.20701416938432526,2.5940759937288975,60.363064562548225,0.992708874098054,0.120536680255323
-0.7949298748698879,-0.6539264674066647,27.144295347732584,59.82226617745178,1.0,-1.6081226496766366e-16
0.2231435513142097,0.056089466651044084,18.848315081706794,51.9873890849471,0.992708874098054,-0.1205366802553228
3.1780538303479458,1.3862943611198906,17.87187163446617,45.077207436674954,-0.992708874098054,0.1205366802553232
0.3483066942682158,0.4054651081081644,14.275267784849158,65.69076377090391,-0.970941817426052,0.2393156642875573
0.02898753687325195,0.4054651081081646,23.174820582357757,83.24719795351558,-0.9350162426854148,0.3546048870425355
-0.2231435513142097,-0.4054651081081646,25.454928768117146,46.67383598131754,-0.8854560256532101,0.464723172043768
0.4289956055183586,1.3437347467010947,23.93356972943379,80.00173522599233,-0.822983865893657,0.5680647467311548
-0.09763846956391609,-0.49643688631389127,11.28282537491864,54.952920120750896,-0.7485107481711011,0.6631226582407953
0.3254224004346282,-0.24116205681688774,12.083588422012962,61.63142079528132,-0.6631226582407956,0.7485107481711007
0.2157085728266912,0.24116205681688774,1.000061431124089,71.51999836034396,-0.5680647467311559,0.8229838658936564
0.6473376445286512,0.4054651081081646,-3.799825543026374,73.96114030137008,-0.4647231720437684,0.88545602565321
0.0,-0.21130909366720685,-4.929867814897787,49.373141790630754,-0.3546048870425359,0.9350162426854148
0.33535554192113803,0.2578291093020999,-4.17613399495348,77.735892039714,-0.2393156642875578,0.970941817426052
0.19710925694833392,0.4353180712578455,23.189444377384227,74.55491349787215,-0.1205366802553236,0.992708874098054
0.08777561088238617,0.3856624808119844,6.529163471974798,47.66847661923558,6.432490598706546e-16,1.0
-0.34237195874840154,-0.32850406697203605,-3.4420326200913953,85.92676241480767,0.120536680255323,0.992708874098054
0.24073931320458897,0.42381424677636126,0.9117624397199476,45.76401324042895,0.2393156642875577,0.970941817426052
0.13062018241706497,-0.42381424677636126,22.91428202332493,50.73566170738946,0.3546048870425356,0.9350162426854148
-0.37135949562165393,-0.5389965007326869,12.08813778338425,89.20343367071273,0.4647231720437685,0.8854560256532099
-1.0190248507497621,-0.4054651081081646,4.75071023418372,74.92246675115128,0.5680647467311558,0.8229838658936564
0.5525652299387556,0.30538164955118186,0.2130910355915033,64.19766620437416,0.6631226582407952,0.7485107481711011
0.09015109699429757,0.05129329438755059,1.0577784355045523,60.05139610364014,0.7485107481711011,0.6631226582407953
0.05043085362689226,0.5877866649021191,13.549633069383011,61.54751913910719,0.8229838658936564,0.5680647467311558
-0.19885085874516495,0.7339691750802002,24.181608417271583,71.70631975218184,0.8854560256532098,0.4647231720437686
0.0,0.0,17.005718344001995,71.65052382785092,0.9350162426854148,0.3546048870425355
-0.35667494393873245,0.30748469974796055,13.381465179611157,64.91782938488942,0.970941817426052,0.239315664287558
-0.10536051565782678,0.10241500542807014,15.778669249023968,69.66101387175497,0.992708874098054,0.120536680255323
-0.8850381883700504,-0.6498503748066211,-2.1397228470931284,47.19365102216909,1.0,-1.6081226496766366e-16
0.802346472524937,0.5175824062288701,9.649637998120127,82.02157419331975,0.992708874098054,-0.1205366802553228
-0.6592456288842636,-0.27763173659827967,-1.2748002037883333,89.55419822480923,0.970941817426052,-0.2393156642875575
0.5500463369192716,0.42744401482694006,12.718974190015928,65.58749313461115,0.9350162426854148,-0.3546048870425354
-0.583947888594953,-0.3022808718729335,-0.0394210852047455,77.79541410067806,0.8854560256532099,-0.4647231720437685
-0.3715635564324833,0.5877866649021186,29.390041522108884,41.33257143616879,0.8229838658936565,-0.5680647467311557
0.33647223662121295,-0.4660897299245992,14.867045857919262,64.58761554594844,0.7485107481711013,-0.6631226582407951
-0.2876820724517808,-0.031748698314579826,2.5808714436606444,58.36264873889167,0.6631226582407952,-0.7485107481711012
-0.4054651081081646,0.04211148535012654,12.334640573676293,53.966714592516645,0.5680647467311558,-0.8229838658936564
-1.945910149055313,-2.9652730660692823,15.544730116676426,68.78392227947764,0.464723172043769,-0.8854560256532096
3.8815637979434374,2.844909383819407,4.652449863237939,64.32606035506254,0.120536680255323,-0.992708874098054
0.5957730165347686,-0.6041996945434489,12.165852627526627,55.00261858367835,-3.216245299353273e-16,-1.0
0.1954920199836998,-0.02150620522096336,20.863911677565156,54.068572934210074,-0.1205366802553228,-0.992708874098054
0.3897661985650611,0.16034265007517945,14.336989707684555,80.46724277089515,-0.2393156642875574,-0.970941817426052
0.2628510009093219,-0.03774032798284743,17.342732796450328,56.99205982481487,-0.3546048870425356,-0.9350162426854148
0.3375144461996573,-0.08004270767353594,6.07112278877717,61.861110211757754,-0.464723172043768,-0.8854560256532101
0.2876820724517808,0.060624621816434576,21.572009409711857,59.85785384437083,-0.5680647467311556,-0.8229838658936565
0.16965486636322336,0.1625189294977747,19.2616114185556,84.24821191894866,-0.663122658240795,-0.7485107481711013
-0.08362052902142025,-0.5108256237659905,22.20911254744855,49.88002983472362,-0.7485107481711011,-0.6631226582407952
0.41062897261168274,0.5108256237659905,8.916630757133445,68.07319811814573,-0.8229838658936564,-0.5680647467311559
0.505422782083655,0.12516314295400655,8.452780424796742,50.95783933200836,-0.8854560256532096,-0.4647231720437691
0.02315246340486965,0.07095173597228399,12.388914338086067,44.09878012449415,-0.9350162426854148,-0.3546048870425359
0.4235169753016166,0.7784447610718406,13.557938775645429,71.02586084264021,-0.970941817426052,-0.2393156642875577
-0.2761282801994982,-0.6380874033769182,5.6482390691375155,68.72212019621271,-0.992708874098054,-0.1205366802553235
-0.1483232746093952,-0.319942934670002,23.74947658064028,44.15867333204667,-1.0,-1.8369701987210294e-16
-0.13119657951623598,0.04800921918636014,-2.0864473482817987,79.05232768637345,-0.992708874098054,0.1205366802553232
-0.5042728685381634,-0.42121346507630353,21.990430681798667,41.55703476269562,-0.970941817426052,0.2393156642875573
0.6865055798787258,0.32277339226305113,28.020537097785247,62.96302008157814,-0.9350162426854148,0.3546048870425355
0.2186019343533765,0.01709443335930061,7.538097602952793,41.15514994114365,-0.8854560256532101,0.464723172043768
0.22221488031843872,0.06559728248581287,18.3203840602535,73.05124162881269,-0.822983865893657,0.5680647467311548
0.35062465952880295,-0.3144933299024375,21.097684682163276,57.38747152341109,-0.7485107481711011,0.6631226582407953
-0.4478234140209967,-0.46134556650262093,17.471977035540387,55.50524680907703,-0.6631226582407956,0.7485107481711007
0.5584448803483681,0.3462762367178338,19.39047377497412,70.03551342027671,-0.5680647467311559,0.8229838658936564
-0.32364925207843775,-0.2478361639045814,0.9929124751361396,63.82063396788792,-0.4647231720437684,0.88545602565321
-0.24333863229187713,0.4260843953108999,-3.097194983550209,87.78101493897391,-0.3546048870425359,0.9350162426854148
0.19196666279315622,1.0281606277174986,-3.2159725958521266,61.67985877863594,-0.2393156642875578,0.970941817426052
-0.22557240996059313,0.23907437338640403,29.082168342690007,52.0894148186302,-0.1205366802553236,0.992708874098054
-0.22701234652538638,0.7380985684222114,14.687161236851203,87.98434757198119,6.432490598706546e-16,1.0
-0.27878704288291356,0.2972515234679314,25.947832130053076,53.56394917636606,0.1205366802553231,0.992708874098054
-0.3061994225284712,0.4000080686451062,14.847483426841183,53.31952019621392,0.120536680255323,0.992708874098054
-0.2683778688405605,0.388449291719164,3.352604439630906,82.86862940679252,0.2393156642875577,0.970941817426052
-0.36514662852001845,0.27131509498757556,12.635400497430425,68.8029792354286,0.3546048870425356,0.9350162426854148
-0.33479999542885075,0.02030171231735345,-1.0985843126277444,49.73559081693904,0.4647231720437685,0.8854560256532099
-0.39963418779737125,-0.03958113845903988,18.57577272600999,43.88202136642007,0.5680647467311558,0.8229838658936564
-0.47466564235154696,-0.2937083652464567,14.753358005246591,46.98444304522196,0.6631226582407952,0.7485107481711011
-0.7312470267922153,-0.45808270361117565,27.552573635509994,60.5458880200086,0.7485107481711011,0.6631226582407953
0.43417521399059567,0.4003552349558932,-4.765279203564891,61.740694589369696,0.8229838658936564,0.5680647467311558
0.13510248485656362,0.0,-4.197040632549814,62.57261359379137,0.8854560256532098,0.4647231720437686
-0.11025648627003282,0.19403546715613906,22.39296814873736,57.34463934564076,0.9350162426854148,0.3546048870425355
-0.2034010725850086,0.14287578315471805,-3.377333962473674,63.05591765697207,0.970941817426052,0.239315664287558
-0.3470543459517499,-0.20376415282972982,16.286533528252402,58.34606845240684,0.992708874098054,0.120536680255323
-0.12445417447340557,-0.0553136379840522,26.61600609810715,64.82634651319644,1.0,-1.6081226496766366e-16
-0.35839759725017917,-0.46150900525431293,20.544375749267218,42.72038904168645,0.992708874098054,-0.1205366802553228
-0.4769240720903092,-0.37291785654166887,22.754576895394234,89.99918137613935,0.970941817426052,-0.2393156642875575
0.22314355131421015,0.2028517214085106,4.048414147561829,46.09543228768588,0.9350162426854148,-0.3546048870425354
-0.3726752852851738,-0.22047332275833043,14.71100201542694,67.17985065279913,0.8854560256532099,-0.4647231720437685
0.14953173397096364,-0.2287145963636652,-4.037247332590887,57.001873202340946,0.8229838658936565,-0.5680647467311557
0.3677247801253172,-0.28582160679886126,28.264184589676713,77.35324444948073,0.7485107481711013,-0.6631226582407951
-0.12260232209233202,-0.15229366908004582,27.17124034821169,85.1083302404509,0.6631226582407952,-0.7485107481711012
-0.46134556650262093,-0.22748195291280737,4.42265044434501,68.9010222043307,0.5680647467311558,-0.8229838658936564
0.0,-0.3321338350226153,14.688158973188084,81.08700236962004,0.464723172043769,-0.8854560256532096
0.640037355245997,-0.07878087785311383,-1.5033509773755878,87.64785091728564,0.3546048870425358,-0.9350162426854148
-1.23474446299269,-0.6451379613735853,12.359464013989395,58.767985132006594,0.2393156642875576,-0.970941817426052
0.9162907318741547,0.35197642315717825,10.469153342762612,69.01917560334732,0.120536680255323,-0.992708874098054
0.4700036292457357,0.021739986636406528,1.8389316006360612,87.59986720186792,-3.216245299353273e-16,-1.0
0.3070250352949122,0.11179140598811621,4.978998579660906,76.35695824073339,-0.1205366802553228,-0.992708874098054
0.3132153744569459,0.13473259397015713,27.49593374774835,45.17382572268535,-0.2393156642875574,-0.970941817426052
0.4412323319667948,0.04115807249350745,12.758663427354945,55.77274685716327,-0.3546048870425356,-0.9350162426854148
0.18681594638179444,-0.12893368337589362,22.792232301276687,74.27512435732476,-0.464723172043768,-0.8854560256532101
0.39494660391694403,-0.2140110677509366,12.92648914610136,59.910555155803415,-0.5680647467311556,-0.8229838658936565
0.16402836374662932,-0.24323030988094718,-4.5034634874751,79.75976939551667,-0.663122658240795,-0.7485107481711013
0.02281467776617152,0.028573372444055778,13.711804500041126,53.54536639191522,-0.7485107481711011,-0.6631226582407952
0.351397886837888,-0.2923879634891935,18.10735353730728,55.63703974280372,-0.8229838658936564,-0.5680647467311559
0.11168965070947401,0.21936282847430322,-1.9521786517172544,86.14380826715104,-0.8854560256532096,-0.4647231720437691
0.3624939428227325,-0.182321556793954,4.327206369369555,50.426813863604785,-0.9350162426854148,-0.3546048870425359
-0.0518133903280793,-0.03704127168034921,29.63986853656819,48.949785403152845,-0.970941817426052,-0.2393156642875577
-0.21307876469806875,-0.09909090264423082,12.26039268490203,44.96660479759241,-0.992708874098054,-0.1205366802553235
-0.176330952656798,-0.26028309826366725,6.04564745728856,49.29247108579961,-1.0,-1.8369701987210294e-16
-0.36943272247047343,-0.17693070815907763,18.82773653026633,65.62210668771218,-0.992708874098054,0.1205366802553232
-0.17494144949633128,0.25489224962878954,14.120237988622248,43.420998681358334,-0.970941817426052,0.2393156642875573
-0.20132450391957057,0.11778303565638426,16.85840281735903,59.029793193302936,-0.9350162426854148,0.3546048870425355
0.0861116918187319,-0.09309042306601212,24.93273191147828,72.34031708820115,-0.8854560256532101,0.464723172043768
-0.07894320234011953,0.11506932978478712,22.361266250986574,56.37174730746487,-0.822983865893657,0.5680647467311548
-0.03267078228954823,-0.0909717782057271,18.71250022123865,48.491081433901094,-0.7485107481711011,0.6631226582407953
-0.5395237878527341,0.04652001563489305,-3.9685693125436,49.83026288402009,-0.6631226582407956,0.7485107481711007
0.5246536253732828,0.2933478099874587,4.790444898297257,72.02536949077906,-0.5680647467311559,0.8229838658936564
0.12317835897462004,-0.07020425867324853,26.67918297179665,82.58350757868153,-0.4647231720437684,0.88545602565321
0.09169135800219319,-0.640037355245997,22.68897162847292,68.59108322416171,-0.3546048870425359,0.9350162426854148
-0.13223745239654328,0.6029960835656478,28.355847149149696,82.0576512118921,-0.2393156642875578,0.970941817426052
0.5877866649021195,0.05505977718302768,20.315933733529857,65.43746019243167,-0.1205366802553236,0.992708874098054
-0.1915594977788917,0.0,3.141707307065882,75.905337241259,6.432490598706546e-16,1.0
0.44712202080855956,0.05218575317057006,19.563373046171,68.21911374114114,0.120536680255323,0.992708874098054
0.3568233008858188,0.15656906069153997,-4.378551093203217,44.52096538753597,0.2393156642875577,0.970941817426052
0.4351348035949112,0.04255961441879563,-2.1201273636970237,43.02476843851077,0.3546048870425356,0.9350162426854148
-0.10327189786140956,0.04082199452025481,10.958567388929623,76.56881340634048,0.4647231720437685,0.8854560256532099
-0.914057757369843,-0.5332984796180491,-0.9096340202502534,45.40153311253415,0.5680647467311558,0.8229838658936564
0.09226397673798026,0.8602012652231115,-1.6949724824560302,64.90467835318893,0.6631226582407952,0.7485107481711011
0.016807118316381597,0.4615545747592078,-3.965333083006008,56.59629722496699,0.7485107481711011,0.6631226582407953
-0.12216763397420749,0.13049648892936894,3.086514268336444,53.55050757778326,0.8229838658936564,0.5680647467311558
-0.258604861543585,0.30089230418858737,-3.3186903589959997,61.29514991811032,0.8854560256532098,0.4647231720437686
-0.4103550934023561,-0.0905968953522267,1.9571686130960144,45.928466443319344,0.9350162426854148,0.3546048870425355
-0.6085897925318831,0.27029032973991196,-0.10301146592463,61.441621963036525,0.970941817426052,0.239315664287558
-0.5085759040319751,-0.08223809823697259,26.814784617080058,47.05356654591846,0.992708874098054,0.120536680255323
-0.5968160716215132,-0.04380262265839274,12.442117116734996,69.06015043444438,1.0,-1.6081226496766366e-16
-1.0586069540544103,-0.1748865783064364,0.1265256458223396,87.0339088088922,0.992708874098054,-0.1205366802553228
-0.5306282510621703,-0.05012438718256895,16.29634280586077,72.91044433143588,0.970941817426052,-0.2393156642875575
-0.10536051565782634,-0.11895194286136501,26.277332840204547,56.41118069894254,0.9350162426854148,-0.3546048870425354
0.5753641449035616,-0.4107421652090082,29.96230352614598,59.4068806115081,0.8854560256532099,-0.4647231720437685
-1.6739764335716714,-0.1358015411590614,1.970485971327468,54.88122010565584,0.8229838658936565,-0.5680647467311557
0.8472978603872034,0.15933203856925537,29.259223661190408,51.08291354469088,0.7485107481711013,-0.6631226582407951
0.25131442828090633,-0.12361395596717628,-0.7473060109485824,49.54108589795205,0.6631226582407952,-0.7485107481711012
-0.4054651081081646,-0.22533894187764592,10.618625849008897,47.4818497951018,0.5680647467311558,-0.8229838658936564
-0.4054651081081644,-0.5035263212843786,9.76535827913048,51.22278512609945,0.464723172043769,-0.8854560256532096
0.810930216216329,-0.4809726606163096,22.27844763400372,58.306295173310694,0.3546048870425358,-0.9350162426854148
-0.5877866649021191,0.05715841383994835,23.746637395860112,47.00029782196261,0.2393156642875576,-0.970941817426052
-0.9162907318741552,-0.21622310846963577,25.365754035047136,59.011826327938195,0.120536680255323,-0.992708874098054
0.9162907318741552,0.06669137449867213,4.850146425398622,86.52750606577322,-3.216245299353273e-16,-1.0
-1.6094379124341005,-0.2984929885559966,22.614915699753197,50.30209671372984,-0.1205366802553228,-0.992708874098054
1.0986122886681098,0.41985384556026384,27.45754218172523,51.48057170541348,-0.2393156642875574,-0.970941817426052
-1.0986122886681098,0.18232155679395445,22.012721897089968,50.51446163309263,-0.3546048870425356,-0.9350162426854148
2.0794415416798357,0.19415601444095776,10.290344891706551,81.91720444423648,-0.464723172043768,-0.8854560256532101
0.0,0.14571181118139398,0.4260184805650363,82.37265020845004,-0.5680647467311556,-0.8229838658936565
0.8109302162163288,-0.10724553035359774,28.62359572190932,89.81515387106076,-0.663122658240795,-0.7485107481711013
-0.3254224004346278,-0.03846628082779624,27.81349605607992,74.33040961786885,-0.7485107481711011,-0.6631226582407952
-0.3677247801253172,-0.3483066942682158,20.834639141621984,60.06525278837793,-0.8229838658936564,-0.5680647467311559
0.2876820724517808,0.4054651081081646,7.9662218111871566,78.770638459177,-0.8854560256532096,-0.4647231720437691
0.6505875661411493,-0.18232155679395445,14.44701157918433,63.753143130342,-0.9350162426854148,-0.3546048870425359
-0.04445176257083361,-0.0689928714869521,26.6647706126903,77.09150535437189,-0.970941817426052,-0.2393156642875577
-1.299282984130261,-0.2113090936672064,-3.791203988855736,59.605259479686296,-0.992708874098054,-0.1205366802553235
0.7731898882334818,0.3448404862917296,19.458430116662303,84.41479707089994,-1.0,-1.8369701987210294e-16
0.14310084364067333,-0.021053409197832718,10.40527236661541,72.79339150619232,-0.992708874098054,0.1205366802553232
0.2363887780642302,-0.41616039722491216,17.799581544025962,84.65607564865147,-0.970941817426052,0.2393156642875573
-0.30538164955118186,-0.03278982282299081,24.8453462675569,60.53691544303035,-0.9350162426854148,0.3546048870425355
0.19415601444095776,0.8329091229351042,24.215727106640955,76.23407707282138,-0.8854560256532101,0.464723172043768
-0.6359887667199966,0.10969891725642444,15.73654109943966,56.84277360023081,-0.822983865893657,0.5680647467311548
0.2006706954621511,0.7499447789530782,24.87749757188881,87.06944434944225,-0.7485107481711011,0.6631226582407953
1.0033021088637848,-0.16649651564955725,-2.306973537125463,59.65991496887944,-0.6631226582407956,0.7485107481711007
-0.18232155679395445,-0.09893994785490356,15.236562566427242,47.22179328792827,-0.5680647467311559,0.8229838658936564
-0.5798184952529426,0.05448818528406907,15.283116669703604,63.15083373462416,-0.4647231720437684,0.88545602565321
0.5798184952529426,0.4105029021381217,2.9349444736986157,74.8088418256893,-0.3546048870425359,0.9350162426854148
0.3646431135879089,0.67795701506597,24.804952439704685,87.30840286861066,-0.2393156642875578,0.970941817426052
0.2666286632539485,0.3883120288819155,20.975075746193845,61.39187767309067,-0.1205366802553236,0.992708874098054
0.0,0.20990755174191822,7.35873023041567,70.69666638113,6.432490598706546e-16,1.0
0.7550225842780334,0.32822352271433974,-0.6697427280008894,42.92465925879725,0.120536680255323,0.992708874098054
0.08617769624105165,0.3299575556000187,28.293982323461037,89.93433394548619,0.2393156642875577,0.970941817426052
-0.13747099062860269,-0.171487214628244,7.999240321090408,64.86282655304713,0.3546048870425356,0.9350162426854148
-0.3053816495511814,-0.6009767207602881,28.576738069847245,58.655836778692944,0.4647231720437685,0.8854560256532099
0.7487170317147553,0.6732973823399142,4.657536461975368,71.27604070630213,0.5680647467311558,0.8229838658936564
0.20679441331268045,0.16927233685134357,20.418374813441975,47.18382559382136,0.6631226582407952,0.7485107481711011
0.5228410605104017,0.31258933578145776,14.165648880070112,48.56834415076564,0.7485107481711011,0.6631226582407953
0.42801034642922087,0.12769467937647772,5.795719748859219,54.6430884560012,0.8229838658936564,0.5680647467311558
0.15506018421009848,-0.1774511349207586,22.098909012916938,78.45639626155679,0.8854560256532098,0.4647231720437686
0.23973246400729398,-0.1520705958739308,9.249290009150307,75.7644421940597,0.9350162426854148,0.3546048870425355
0.04065030596287578,-0.2688702309297062,-1.7517471111435068,41.14816042120969,0.970941817426052,0.239315664287558
-0.009661910911736626,-0.5010925467983993,25.067032987303783,81.22456085952793,0.992708874098054,0.120536680255323
0.004152255100766666,-0.3286495109400045,20.16947486138856,41.093278668251585,1.0,-1.6081226496766366e-16
-0.5186833022819686,-0.9580601447504495,16.673527995945978,60.329050890313226,0.992708874098054,-0.1205366802553228
-0.10252874648530153,-0.33457829666114236,22.17171962184423,43.544406836218414,0.970941817426052,-0.2393156642875575
-0.2078371300315336,-0.15746743245325234,-1.7572552747443155,89.13798584993029,0.9350162426854148,-0.3546048870425354
-0.18358818140914757,-1.0311710078725769,16.19207596951026,76.60851593996217,0.8854560256532099,-0.4647231720437685
-0.515908226829457,-0.6931471805599454,28.683959015318035,46.330330852428915,0.8229838658936565,-0.5680647467311557
0.3464315765239716,0.08338160893905133,24.320013344598134,73.03856198046398,0.7485107481711013,-0.6631226582407951
-0.2436220826577502,-0.27443684570176075,8.210725923326056,82.33609135467414,0.6631226582407952,-0.7485107481711012
-0.023256862164267034,0.3136575588550419,25.551909847375143,45.099764910975054,0.5680647467311558,-0.8229838658936564
0.005865119452398204,-0.7731898882334818,19.373468410839493,47.545823401400085,0.464723172043769,-0.8854560256532096
0.045722249338094656,0.3483066942682158,21.361992861713357,42.47211163741046,0.3546048870425358,-0.9350162426854148
-0.06939199342399949,-0.6359887667199966,28.78525995990655,66.44054656640213,0.2393156642875576,-0.970941817426052
0.20988235637282582,0.2006706954621511,4.387774305080821,76.73507609543017,0.120536680255323,-0.992708874098054
0.4951697266934376,0.737598943130779,25.193344162149312,57.7844718165078,-3.216245299353273e-16,-1.0
0.3103521475136297,-0.8329091229351038,-4.2882712846247495,57.437450314762955,-0.1205366802553228,-0.992708874098054
0.12426954488599051,0.0,-1.3578373864175148,43.14579359725847,-0.2393156642875574,-0.970941817426052
0.1036348896903565,0.09531017980432477,29.769702290827603,63.90099272446752,-0.3546048870425356,-0.9350162426854148
0.14895586295015395,0.5465437063680696,24.02324583078792,70.95678162293129,-0.464723172043768,-0.8854560256532101
-0.12337902116050437,-0.5465437063680696,29.537022510796756,56.87593486909533,-0.5680647467311556,-0.8229838658936565
-0.10835789519680095,0.0,27.39771940620478,75.62664729070927,-0.663122658240795,-0.7485107481711013
-0.31751608454257063,-0.09531017980432477,-4.455409784943464,84.72771620969814,-0.7485107481711011,-0.6631226582407952
-0.13500523224282368,0.40546510810816416,19.628327508651775,69.94582122418313,-0.8229838658936564,-0.5680647467311559
-0.057679111586677934,-0.3101549283038394,24.135244699409693,66.09854438438852,-0.8854560256532096,-0.4647231720437691
-0.2835240623031172,-1.01160091167848,20.67443738377726,59.298130866430505,-0.9350162426854148,-0.3546048870425359
-0.1965299027961196,1.0986122886681098,27.76506614751727,62.77600953315266,-0.970941817426052,-0.2393156642875577
-0.27763173659827967,-0.8754687373538999,15.00200496926968,40.58042980018204,-0.992708874098054,-0.1205366802553235
-0.4462871026284194,0.7884573603642702,24.95386440184204,65.18643575306443,-1.0,-1.8369701987210294e-16
-0.9007865453381898,-1.01160091167848,10.719288395207386,48.64057256901736,-0.992708874098054,0.1205366802553232
0.05001042057466165,0.4054651081081644,29.38367451026685,41.04575598482688,-0.970941817426052,0.2393156642875573
0.198450938723838,0.9162907318741551,28.88517197016509,74.01189501084642,-0.9350162426854148,0.3546048870425355
0.09531017980432521,-0.06899287148695166,10.040201323831187,60.19021198701079,-0.8854560256532101,0.464723172043768
0.31015492830383895,0.30538164955118186,-1.5277636277804223,65.29089381570755,-0.822983865893657,0.5680647467311548
0.026317308317374,-0.6418538861723944,11.884840955207933,42.91193258003181,-0.7485107481711011,0.6631226582407953
0.47647614375135294,1.1939224684724339,9.395101906703294,46.40613351310429,-0.6631226582407956,0.7485107481711007
0.2977122468117184,-0.030771658666753243,-3.957854203231337,88.88182573546511,-0.5680647467311559,0.8229838658936564
0.2981065897876647,-0.7576857016975165,29.963898126125137,83.23500141453388,-0.4647231720437684,0.88545602565321
0.32047189527477205,0.8183103235139515,-2.1188924191980756,48.31293699820825,-0.3546048870425359,0.9350162426854148
0.27714285856361,0.02898753687325195,10.059789300688402,71.14756571814003,-0.2393156642875578,0.970941817426052
0.24011365553267083,0.35667494393873245,21.4370906824339,79.54173464526319,-0.1205366802553236,0.992708874098054
-0.029270382300112807,-0.5798184952529422,25.522955163889247,67.05769475236647,6.432490598706546e-16,1.0
-0.5009733273229795,-0.38776553100876354,-4.514020845370546,73.27256756803595,0.120536680255323,0.992708874098054
0.7896450089599263,0.1910552367627094,21.183423089844,65.6896038120343,0.2393156642875577,0.970941817426052
-0.17995048277261638,-0.24512245803298516,27.5182584926832,74.61518678991315,0.3546048870425356,0.9350162426854148
0.7185759948162032,0.3285040669720365,12.290001466499508,69.29371226429154,0.4647231720437685,0.8854560256532099
-0.36849467718961915,-0.174353387144778,10.05741560679938,83.11951179600914,0.5680647467311558,0.8229838658936564
-0.7698579401280048,-1.4350845252893225,24.65228962200482,78.6064757904419,0.6631226582407952,0.7485107481711011
0.03974032864951482,0.5877866649021191,22.097058689706166,67.93614023636971,0.7485107481711011,0.6631226582407953
0.16043884554444698,0.3677247801253172,9.121351615106065,85.26820270566357,0.8229838658936564,0.5680647467311558
0.39359553255278,0.4795730802618863,27.10561074269745,75.01755376376677,0.8854560256532098,0.4647231720437686
0.02068020523753855,0.04652001563489305,-3.893720848124643,56.99384240541872,0.9350162426854148,0.3546048870425355
-0.2035989552412394,-0.1466034741918758,2.2615289595270296,63.30540042567201,0.970941817426052,0.239315664287558
-0.0017937224540265362,0.05129329438755059,21.313858766748993,77.93530600673874,0.992708874098054,0.120536680255323
-0.2681258936579134,-0.7985076962177713,8.798709634825101,81.01178861890763,1.0,-1.6081226496766366e-16
0.04363493589686929,0.5108256237659905,17.517930800859734,42.80202374451173,0.992708874098054,-0.1205366802553228
0.17102200154002123,0.6241543090729937,3.40410059651427,75.08104368640079,0.970941817426052,-0.2393156642875575
-0.14660347419187492,0.03509131981127034,4.386692607737594,66.28535599857952,0.9350162426854148,-0.3546048870425354
-0.07985997583200533,0.06669137449867213,16.391430086086675,82.57255324108183,0.8854560256532099,-0.4647231720437685
-0.21958693819936226,-0.6007738604289301,-1.1615659483782848,86.567729819805,0.8229838658936565,-0.5680647467311557
-0.1705567152143681,-0.5306282510621703,9.712308297507343,62.73032770950405,0.7485107481711013,-0.6631226582407951
-0.43213335519032636,0.40546510810816416,22.88080307303492,86.45572973366303,0.6631226582407952,-0.7485107481711012
0.12675170563914406,0.06453852113757108,22.201855010672187,80.89410310568427,0.5680647467311558,-0.8229838658936564
-0.4719102075163173,0.17185025692665912,15.762042423110817,70.12888698067593,0.464723172043769,-0.8854560256532096
-0.023167059281534286,0.0,28.838923029533785,58.33136437215212,0.3546048870425358,-0.9350162426854148
-0.08985632912186059,-0.4595323293784399,17.710486836581886,75.24087966623813,0.2393156642875576,-0.970941817426052
-0.09873484068568938,0.4595323293784399,10.271397295518236,45.67069607440607,0.120536680255323,-0.992708874098054
0.18859116980754997,0.1910552367627094,14.317414739033763,40.119639547696906,-3.216245299353273e-16,-1.0
0.0,0.04255961441879608,4.185434852090099,41.12440032535402,-0.1205366802553228,-0.992708874098054
-0.2670627852490446,-0.613104472886409,14.248767539750132,86.52480845263986,-0.2393156642875574,-0.970941817426052
0.010152371464017484,0.3794896217049035,24.593758022759182,53.366115190776576,-0.3546048870425356,-0.9350162426854148
0.2800774730665614,0.27443684570176075,14.25601235052648,87.36052129956182,-0.464723172043768,-0.8854560256532101
0.03007745523727845,-0.5108256237659909,-1.4237069946745322,58.84127894778919,-0.5680647467311556,-0.8229838658936565
-0.08499321283339256,0.33647223662121295,17.445205323372367,41.37530074314597,-0.663122658240795,-0.7485107481711013
0.3036824137982217,0.5108256237659905,27.898509364579848,75.31529655548562,-0.7485107481711011,-0.6631226582407952
-0.29565024210095725,-0.3364722366212125,18.294559683350716,49.50011417677453,-0.8229838658936564,-0.5680647467311559
0.3191807395111512,0.07696104113612812,4.028924446806791,89.70651373960591,-0.8854560256532096,-0.4647231720437691
0.07825219689974894,0.44183275227903884,18.71596747315315,78.38265198826159,-0.9350162426854148,-0.3546048870425359
0.32721291120841567,0.46702300110759776,2.1040901067168822,67.65716052304535,-0.970941817426052,-0.2393156642875577
-0.08489944378648584,0.1127954941453444,22.527349759920497,48.640480989933664,-0.992708874098054,-0.1205366802553235
-0.025642430613338263,-0.04082199452025481,4.038773033916393,89.89595049945967,-1.0,-1.8369701987210294e-16
-0.2949232337083405,-0.3254224004346282,-3.5566449696793647,86.09764302860499,-0.992708874098054,0.1205366802553232
0.2730405224588335,0.2384110234449981,26.305445691157896,47.449569703084826,-0.970941817426052,0.2393156642875573
-0.026907452919924246,0.26469255422708216,11.635410023753415,81.52205584953143,-0.9350162426854148,0.3546048870425355
-0.04176941287629532,0.13062018241706497,19.264610165921287,42.43985152746757,-0.8854560256532101,0.464723172043768
0.31802278950445295,0.19415601444095731,4.257463561251759,53.22644961445758,-0.822983865893657,0.5680647467311548
0.020478531343540496,0.04919024419077189,-2.0450363569656336,65.86008733916617,-0.7485107481711011,0.6631226582407953
0.2885263105770619,0.6312717768418574,7.828529543816741,66.2126792909021,-0.6631226582407956,0.7485107481711007
0.10333314547532435,0.10493489317853477,3.602476657918745,52.911636366334875,-0.5680647467311559,0.8229838658936564
0.5602678909908096,0.48048490671331834,5.001320832094104,55.9212972856324,-0.4647231720437684,0.88545602565321
0.2996699043322133,0.22975670720592678,12.324065921936327,64.2023164508659,-0.3546048870425359,0.9350162426854148
0.24776546504633856,0.1645883498581595,9.155018817761404,52.28552611182715,-0.2393156642875578,0.970941817426052
0.19344597624657656,0.07387973981220863,19.10327536125673,55.39285682532216,-0.1205366802553236,0.992708874098054
0.40650041206232146,0.379411530259782,3.4727716031516733,41.66213583266131,6.432490598706546e-16,1.0
0.13094112023389393,0.023081807459225168,9.158054585693105,62.267288999623545,0.120536680255323,0.992708874098054
0.0018138949286861106,0.014771317320311894,14.505847452326677,60.539677585455834,0.2393156642875577,0.970941817426052
0.07806121029746205,0.08162052835475375,16.508717983991815,43.40630515784047,0.3546048870425356,0.9350162426854148
-0.15997833276534834,-0.1577607920513584,-1.3306469942124806,70.4628916942889,0.4647231720437685,0.8854560256532099
-0.5328336709856938,-0.37892178555093103,18.89518098643095,79.03100034115779,0.5680647467311558,0.8229838658936564
0.032314054556409566,0.20917901096383673,-3.3863849892677784,53.4225345717131,0.6631226582407952,0.7485107481711011
-0.11325081682682647,0.0930348659671898,29.317445261590823,80.71440825451613,0.7485107481711011,0.6631226582407953
-0.16645965249348826,0.033597784966176825,16.07492861808018,56.001324197363886,0.8229838658936564,0.5680647467311558
-0.055594376286941305,0.17161837286764836,-0.3370432634024933,57.06946495372882,0.8854560256532098,0.4647231720437686
-0.2798483475460163,-0.09123685441668883,15.64005685613719,60.39624799922411,0.9350162426854148,0.3546048870425355
-0.2953141641277055,-0.0639966625494015,2.5971304183799875,59.98667559664116,0.970941817426052,0.239315664287558
-0.17396943628577066,0.08710165821571092,14.111929569399123,51.79625038845032,0.992708874098054,0.120536680255323
-0.23472669240384025,-0.3508753661864352,13.957463917457,75.47671815809221,1.0,-1.6081226496766366e-16
-0.5614378352053677,-0.4568326387898729,19.362357111252297,60.92315531672554,0.992708874098054,-0.1205366802553228
-0.32378707709389687,-0.3801751401550577,12.029008737278296,53.622809403553646,0.970941817426052,-0.2393156642875575
-0.005899722127188589,-0.2337863042466486,18.111557802388475,88.49053282598148,0.9350162426854148,-0.3546048870425354
-0.06099451270284195,-0.2781256857315624,22.06041997626812,64.8114770826519,0.8854560256532099,-0.4647231720437685
-0.14892327639210645,-0.14603155538875434,1.0568116658929805,49.96214419854336,0.8229838658936565,-0.5680647467311557
0.2216826306745352,-0.10605957196032456,5.179622417495276,80.93555336236035,0.7485107481711013,-0.6631226582407951
0.1764564373415558,-0.16705408466316563,5.769925405860946,78.82588577453978,0.6631226582407952,-0.7485107481711012
-0.24294617861038947,-0.23144235412890524,21.10499975712159,52.507846170713464,0.5680647467311558,-0.8229838658936564
0.3275035666384527,-0.3302416868705764,-0.9726866357126762,87.77964007424364,0.464723172043769,-0.8854560256532096
0.505405556296652,-0.20875481386211003,7.405595266864796,58.16315077177693,0.3546048870425358,-0.9350162426854148
0.4000155033405992,-0.21868920096482958,3.400810864448127,82.25100612312758,0.2393156642875576,-0.970941817426052
-0.12601353479289834,0.2006706954621511,22.367924871682753,62.12229464223014,0.120536680255323,-0.992708874098054
0.22808997524953512,0.018018505502678472,-0.1102998079129752,54.42830466475265,-3.216245299353273e-16,-1.0
0.11191791620398472,-0.2876820724517817,19.90625449762722,49.7164557209685,-0.1205366802553228,-0.992708874098054
0.3836604781413122,0.0689928714869521,18.52897046183242,83.34543222610145,-0.2393156642875574,-0.970941817426052
0.11800567842697873,-0.19574457712609616,20.000149290216655,80.83044184764225,-0.3546048870425356,-0.9350162426854148
0.05626754518414767,0.15028220304933848,11.94773289471428,86.23637527391283,-0.464723172043768,-0.8854560256532101
-0.043878006172054285,-0.23483959107740082,14.727937641490794,44.83615723799277,-0.5680647467311556,-0.8229838658936565
-0.20419492818468132,0.25782910930209946,27.17635252914768,65.8965869702133,-0.663122658240795,-0.7485107481711013
0.01605170901050812,0.10763066419236544,-0.909037232161985,55.07515137807169,-0.7485107481711011,-0.6631226582407952
-0.0980740807877929,0.020202707317519497,19.201433721870675,68.2918959528076,-0.8229838658936564,-0.5680647467311559
-0.12719486983873018,0.36464311358790935,27.04918840882861,53.33506395924623,-0.8854560256532096,-0.4647231720437691
-0.113967186978158,-0.23361485118150505,3.7603818378673153,88.44858142868317,-0.9350162426854148,-0.3546048870425359
-0.19885085874516584,0.2876820724517808,0.5822725044290461,89.28751365677984,-0.970941817426052,-0.2393156642875577
-0.3723820731440899,0.1466034741918758,-2.4901837565975056,73.1905418778876,-0.992708874098054,-0.1205366802553235
-0.4120832659506428,-0.30294954458257006,11.484252327474303,60.44062675641694,-1.0,-1.8369701987210294e-16
-0.1318253927794215,-0.08004270767353638,17.610396519023524,89.91929144191432,-0.992708874098054,0.1205366802553232
0.05310982531394792,-0.08701137698962924,29.635742448441903,88.6169387015846,-0.970941817426052,0.2393156642875573
-0.1840471827614243,-0.22314355131421015,13.067448147340512,89.84466528430897,-0.9350162426854148,0.3546048870425355
0.07484789079643228,0.25886163391628925,-1.095974125091446,88.87867640723043,-0.8854560256532101,0.464723172043768
0.28647942648602065,-0.2363887780642302,29.813103925099437,63.26055686850981,-0.822983865893657,0.5680647467311548
0.242450550745958,0.0851578083403064,13.085286801734808,42.990117966287926,-0.7485107481711011,0.6631226582407953
0.3320106595590113,0.059423420470800625,17.84025013373861,56.76999986395805,-0.6631226582407956,0.7485107481711007
0.4400890726742128,0.37948962170490397,25.94897510471027,43.33226404291054,-0.5680647467311559,0.8229838658936564
0.07438841151054909,-0.1112256351102241,-0.8434296180001954,76.91147743249934,-0.4647231720437684,0.88545602565321
0.39036586184904287,0.08455738802806323,10.454232560603312,88.21344911417796,-0.3546048870425359,0.9350162426854148
0.23231191940108875,0.571132229996981,26.79646760131661,89.8622787014077,-0.2393156642875578,0.970941817426052
0.20604911795491,0.3822980488266303,15.01280705602078,41.90371707033219,-0.1205366802553236,0.992708874098054
0.006872879287762146,0.6258270164604971,-0.81539597706072,74.37738996477381,6.432490598706546e-16,1.0
-0.19996844824228077,0.0725149809765524,-4.33899607202919,57.54008647009799,0.120536680255323,0.992708874098054
0.22750980969551815,0.5025009138799588,25.99481913070948,58.51764883131939,0.2393156642875577,0.970941817426052
-0.2905907921003257,0.31474209231074557,29.698214525723703,66.10350305446526,0.3546048870425356,0.9350162426854148
-0.21478244126250878,0.08338160893905133,18.22488998057713,52.96618137422202,0.4647231720437685,0.8854560256532099
-0.3699929977124663,-0.03426459397409598,27.90956110351555,64.93710358205786,0.5680647467311558,0.8229838658936564
-0.25819094307961166,-0.03210015510658604,-0.1765201197722571,61.80366070907609,0.6631226582407952,0.7485107481711011
-0.2876820724517808,0.07370615593904972,0.8491301075194863,80.57655971714964,0.7485107481711011,0.6631226582407953
-0.3803065484720092,-0.2558027661568678,14.010784907972708,50.73014035221167,0.8229838658936564,0.5680647467311558
0.07188722951331616,0.23468265694233548,-2.1308399974838736,58.510570354646845,0.8854560256532098,0.4647231720437686
0.07245507921542149,-0.03696072882143664,22.513511485765576,55.22872123510486,0.9350162426854148,0.3546048870425355
-0.035571465784867584,0.20729323622264495,15.960863017973267,72.67489685898093,0.970941817426052,0.239315664287558
-0.27752032219228084,-0.0329398490778674,0.5174253847988636,85.67816429684241,0.992708874098054,0.120536680255323
-0.3800553925827961,-0.025437075680775578,25.038371494056893,68.41294633081112,1.0,-1.6081226496766366e-16
-0.021739986636406528,-0.1533558304093674,7.2369687278052,64.10261016280884,0.992708874098054,-0.1205366802553228
-0.16705408466316563,-0.5321867507653586,4.608626405791916,66.67421356632948,0.970941817426052,-0.2393156642875575
-0.1316778239751999,-0.12062798778861428,26.9252882698287,44.446278112796314,0.9350162426854148,-0.3546048870425354
0.20671300991811403,0.06813780516721746,-2.5003579863500836,43.93526749060669,0.8854560256532099,-0.4647231720437685
0.035506688456909075,-0.2817119054652766,8.159255271895427,60.16128793575845,0.8229838658936565,-0.5680647467311557
0.05651221026334241,-0.016000341346441793,29.40572076427299,53.87090275142667,0.7485107481711013,-0.6631226582407951
-0.05651221026334241,-0.2805391849394008,-2.872175567897202,60.92029806968182,0.6631226582407952,-0.7485107481711012
0.36995841965125464,-0.3008165896324275,21.41198236341831,66.87170997850012,0.5680647467311558,-0.8229838658936564
0.11016821722592951,-0.5335170349680611,7.826441263561445,47.57513627205196,0.464723172043769,-0.8854560256532096
0.5187081439782606,0.27115277050056985,22.354501230749285,85.2239732740995,0.3546048870425358,-0.9350162426854148
0.33677809378830137,0.006230549750636527,6.629565182603469,79.82521775168301,0.2393156642875576,-0.970941817426052
0.3069898840567058,-0.2939126222024173,10.78225776743996,63.48523932668722,0.120536680255323,-0.992708874098054
0.04616204176316252,-0.16251892949777513,-2.705839036380302,70.69961105142252,-3.216245299353273e-16,-1.0
0.25131442828090567,0.24256163717131152,9.139738919166083,57.63408716096075,-0.1205366802553228,-0.992708874098054
-0.009232126000301655,-0.0968498259899171,8.327382964235788,49.58633445849465,-0.2393156642875574,-0.970941817426052
-0.05904492584262666,-0.1655144384775733,16.374149566310855,41.18525185380979,-0.3546048870425356,-0.9350162426854148
0.14310084364067333,0.009950330853167877,-3.0892592132420487,88.96926699862296,-0.464723172043768,-0.8854560256532101
0.03203935374461686,-0.009950330853167877,26.6436650696991,62.85172042932247,-0.5680647467311556,-0.8229838658936565
-0.17962249982478973,-0.2357223335210703,29.756174137216085,82.81480329894495,-0.663122658240795,-0.7485107481711013
-0.16151525808946676,-0.12095261041766214,2.8124730336185593,68.94453443299052,-0.7485107481711011,-0.6631226582407952
-0.172444414395863,-0.17095779814363965,22.544656446946433,40.05389093451817,-0.8229838658936564,-0.5680647467311559
-0.07555675784201377,0.049596941139371964,26.061256954512565,88.38732063589983,-0.8854560256532096,-0.4647231720437691
-0.37678691735701797,-0.34294475112683065,0.9927860177077924,52.20187149765119,-0.9350162426854148,-0.3546048870425359
-0.15546646949077836,0.2047944126460135,18.63908064156872,59.06065890685934,-0.970941817426052,-0.2393156642875577
-0.43825493093115586,-0.3001045924503387,7.620244238198477,85.06647540377364,-0.992708874098054,-0.1205366802553235
-0.4036809863146624,0.0,6.448657604458079,51.76717564629446,-1.0,-1.8369701987210294e-16
-0.35591129365343566,-0.1335313926245223,11.70463183438548,83.63308700258347,-0.992708874098054,0.1205366802553232
0.21855287760561115,0.15822400521489444,9.21449111165738,46.13254786396261,-0.970941817426052,0.2393156642875573
-0.13090557054685537,0.256719846847814,13.457604224061628,79.84137761880211,-0.9350162426854148,0.3546048870425355
0.11232918497391964,0.39915593891489953,9.172324935862408,87.34998308625914,-0.8854560256532101,0.464723172043768
-0.5004628367304438,-0.051959738930711374,8.358615323973076,85.43052989488443,-0.822983865893657,0.5680647467311548
-0.10880285984879912,0.14842000511827358,3.5065981196748903,83.17441515871405,-0.7485107481711011,0.6631226582407953
0.1392620673335081,-0.109199291964992,22.26961964043217,48.68685698088203,-0.6631226582407956,0.7485107481711007
0.3852624007906442,0.3067302674224752,18.864577179834413,71.45142480325016,-0.5680647467311559,0.8229838658936564
0.05299253014051075,0.14874526126035015,12.413429700982215,62.93905109184714,-0.4647231720437684,0.88545602565321
-0.5775169982646631,-0.5495044783311016,27.54306717575303,51.68519041245196,-0.3546048870425359,0.9350162426854148
1.4229698396782968,1.020523851696673,29.52607894508867,68.74577961668079,-0.2393156642875578,0.970941817426052
0.3687896295497586,0.2580598164204373,23.90873056487404,60.7799311685733,-0.1205366802553236,0.992708874098054
0.3090048419206015,0.3962726599240005,2.9242637365553668,51.388452624046465,6.432490598706546e-16,1.0
0.15475327098740266,0.26499931210549654,22.071491945103126,60.84022574590166,0.1205366802553231,0.992708874098054
0.951332195851867,0.1673654656403043,12.218481242579529,56.73093420062592,0.120536680255323,0.992708874098054
-0.3351701531039142,0.4020345730113748,20.97088205581484,53.82728509936338,0.2393156642875577,0.970941817426052
0.10490497925584474,0.30640602371806924,2.828494170443915,51.740330612524616,0.3546048870425356,0.9350162426854148
-0.07667988558496841,0.05575214163519515,17.291555890949247,72.10800234610176,0.4647231720437685,0.8854560256532099
-0.2510433888430095,-0.31189633057237565,26.35330848331967,75.99224093611436,0.5680647467311558,0.8229838658936564
0.03200273108617413,-0.05715841383994924,10.69970126162269,45.31069042158527,0.6631226582407952,0.7485107481711011
0.13598900015295623,0.4553348599434077,18.99599438203439,54.50235799931862,0.7485107481711011,0.6631226582407953
-0.0068965790590604925,0.23723545299165671,-3.7045068540347224,49.92182620799813,0.8229838658936564,0.5680647467311558
-0.16843912643582826,0.1362685548895124,24.1891213296624,44.05475384126898,0.8854560256532098,0.4647231720437686
-0.1061798520412287,0.2140387843212901,6.656650950039241,54.39950148011517,0.9350162426854148,0.3546048870425355
0.01536406182474348,0.2797236588525749,-3.888449836490647,58.12830283536464,0.970941817426052,0.239315664287558
-0.0861149179425933,-0.06507134079072863,11.758585522819873,52.50768358987958,0.992708874098054,0.120536680255323
-0.33062426673878953,-0.1929385578380618,11.294025198489946,82.63262826702197,1.0,-1.6081226496766366e-16
-0.3973349820249137,-0.49269347544257514,13.95806191931725,51.076374437990374,0.992708874098054,-0.1205366802553228
-0.06049811160056695,-0.17998054909198125,10.888332773568695,60.89739426038893,0.970941817426052,-0.2393156642875575
-0.4349271408384805,-0.32284762580179827,7.946685012307829,50.34502265331685,0.9350162426854148,-0.3546048870425354
-0.20994203945567325,-0.26042857185319246,11.83121959434186,61.65980614046735,0.8854560256532099,-0.4647231720437685
-0.3973017974690034,-0.2895460058898438,4.952124298238497,58.18751372623534,0.8229838658936565,-0.5680647467311557
-0.5780778507751583,-0.19056439102566625,22.118199680280902,73.84964844159889,0.7485107481711013,-0.6631226582407951
-0.16507975035944877,-0.24136729027066117,-1.096298665962615,58.30284167217687,0.6631226582407952,-0.7485107481711012
-0.3677247801253172,-0.04706751085798633,6.892466707167475,84.89154378192823,0.5680647467311558,-0.8229838658936564
0.07145896398214457,-0.3583975972501783,28.66401007134072,85.98177533425954,0.464723172043769,-0.8854560256532096
-0.25378052077609903,0.06265096496166755,-1.7529022687788598,78.10524526010586,0.3546048870425358,-0.9350162426854148
-0.6711682738411704,-0.5257817149196411,-0.2777790096305982,48.4760552584686,0.2393156642875576,-0.970941817426052
0.23180161405732447,-0.16332505610329928,16.215327350806103,64.25226278067727,0.120536680255323,-0.992708874098054
-0.23180161405732447,0.008032171697264445,5.9730478901304895,83.36003043887888,-3.216245299353273e-16,-1.0
-0.49643688631389127,-0.2433462586317292,6.1518762611991065,84.25175906570821,-0.1205366802553228,-0.992708874098054
0.8266785731844681,-0.08515780834030728,18.73271112045737,50.04385339254439,-0.2393156642875574,-0.970941817426052
-0.06453852113757108,-0.16907633004393396,22.470489010839845,49.43668370458218,-0.3546048870425356,-0.9350162426854148
0.09531017980432432,-0.0680534632450156,6.99701969420229,72.34528927280687,-0.464723172043768,-0.8854560256532101
0.3321338350226153,-0.08829260714567866,26.071928063238065,59.95476486095426,-0.5680647467311556,-0.8229838658936565
0.4198538455602643,-0.16705408466316563,14.493168799877086,60.71136710029624,-0.663122658240795,-0.7485107481711013
0.3666252747919003,-0.2461330695389088,25.67502012194905,46.94643917892055,-0.7485107481711011,-0.6631226582407952
0.48474591098293907,0.11000089521432876,-0.4094036000180767,57.161909637823975,-0.8229838658936564,-0.5680647467311559
0.12048939725412566,-0.11000089521432876,24.87720236827445,89.62137466302194,-0.8854560256532096,-0.4647231720437691
0.12675170563914406,-0.7166776779701394,26.303683196507215,78.50654129733095,-0.9350162426854148,-0.3546048870425359
0.3894647667617237,0.21357410029805912,15.477699862344878,48.14949216328467,-0.970941817426052,-0.2393156642875577
0.08053886248401199,-0.3677247801253176,0.0119729457147421,43.36281469785289,-0.992708874098054,-0.1205366802553235
0.03509131981127034,0.054067221270275745,28.28200625816884,75.35392249478429,-1.0,-1.8369701987210294e-16
0.04769487380801696,-0.2363887780642302,8.048879596408366,48.57351493585551,-0.992708874098054,0.1205366802553232
0.2269718305316939,0.4274440148269396,0.5109234213868247,80.24980247089579,-0.970941817426052,0.2393156642875573
0.45376995317076396,0.2657031657330058,9.633745748240326,53.93763827330652,-0.9350162426854148,0.3546048870425355
0.13837401710031028,-0.2231435513142097,18.932238480973396,48.44168627945784,-0.8854560256532101,0.464723172043768
0.04487175417717548,-0.04255961441879608,9.72613829794976,78.88210502636788,-0.822983865893657,0.5680647467311548
0.28536993269340183,-0.04445176257083361,14.216155814634757,59.073078613630166,-0.7485107481711011,0.6631226582407953
0.035809452696710764,0.16705408466316607,12.341874587794647,80.09926983800577,-0.6631226582407956,0.7485107481711007
0.09424367555148638,0.2972515234679314,27.943139048740072,52.50180296309436,-0.5680647467311559,0.8229838658936564
0.13391241758626737,-0.3364722366212125,28.57549379471367,79.79891748798282,-0.4647231720437684,0.88545602565321
0.24216155714997178,-0.44628710262841986,17.997555490871438,42.142044975948046,-0.3546048870425359,0.9350162426854148
-0.02597548640326064,0.36290549368936853,18.939130303493123,56.21839183925901,-0.2393156642875578,0.970941817426052
0.15307598869749306,-0.04445176257083361,-0.4635344099193939,71.55832618709444,-0.1205366802553236,0.992708874098054
-0.3860691777605858,-0.2578291093020999,-1.817241403286852,46.3874625397786,6.432490598706546e-16,1.0
0.4851426904614202,1.1557707025080584,20.11970878297712,86.22591270456921,0.120536680255323,0.992708874098054
-0.0921848517056496,0.25951119548508483,21.822865185290325,89.95761538503295,0.2393156642875577,0.970941817426052
-0.10003528435907327,-0.31666960932503363,-1.6873493470864802,69.98593245113324,0.3546048870425356,0.9350162426854148
-0.3086386277858759,-0.10318423623523065,1.1541931304109698,76.64420627690961,0.4647231720437685,0.8854560256532099
-0.03290461361689534,0.3144933299024375,3.995964546590876,42.74377752813286,0.5680647467311558,0.8229838658936564
-0.06392186670539335,0.07637297878457439,26.414816379284012,46.8890686263454,0.6631226582407952,0.7485107481711011
-0.2169035764484697,-0.09237332013101529,22.32882237481562,82.66511135305916,0.7485107481711011,0.6631226582407953
0.33350567565381617,0.45783309362548064,20.28728848637926,60.09306588887835,0.8229838658936564,0.5680647467311558
-0.01359640251709937,0.5798184952529422,0.7834287771144877,54.04383304973554,0.8854560256532098,0.4647231720437686
-0.02987370465862682,0.20585205420414798,8.657158204230534,61.545007120428664,0.9350162426854148,0.3546048870425355
-0.11496613238526976,0.29924289485285716,25.095295236693243,42.44390903739032,0.970941817426052,0.239315664287558
-0.5462560607454918,-0.23180161405732402,24.885825809392102,83.63169196934285,0.992708874098054,0.120536680255323
0.3852252267604186,0.5458569717639952,26.45860509439887,64.67630649667552,1.0,-1.6081226496766366e-16
-0.6477261125820393,-0.22819406710027845,-4.270290853844279,66.50265549381481,0.992708874098054,-0.1205366802553228
0.07524916291980777,0.08489944378648584,17.041158819629604,63.27575717215769,0.970941817426052,-0.2393156642875575
-0.42711457980501777,-0.12032988076598627,6.812797029251014,56.23869935467064,0.9350162426854148,-0.3546048870425354
0.20479441264601306,-0.040139167590344194,15.594421299400883,52.11458776363582,0.8854560256532099,-0.4647231720437685
-0.2890547562637531,0.03025440835780202,1.630043823746719,80.63915549165264,0.8229838658936565,-0.5680647467311557
-0.25170696999350284,-0.1420825136137731,5.014261370483245,50.56262887042578,0.7485107481711013,-0.6631226582407951
0.26263604052569356,-0.17018180224334412,6.2520050028714875,52.66553089655933,0.6631226582407952,-0.7485107481711012
-0.3208342797686816,-0.20520585062754204,27.005481590820494,47.16928393493947,0.5680647467311558,-0.8229838658936564
-0.32455846949536404,-0.6079893722196381,18.445846340244874,72.8951118179487,0.464723172043769,-0.8854560256532096
-0.0051948168771041026,0.1424203400417685,27.157450596553176,56.31989926519155,0.3546048870425358,-0.9350162426854148
0.1451820098444978,0.0,4.74561358628238,56.17627915340011,0.2393156642875576,-0.970941817426052
0.2910547569304205,-0.30854721091574255,29.317244738278298,55.53662542530149,0.120536680255323,-0.992708874098054
0.4309512520915053,0.22555029134477422,7.267115730262014,82.3969517467009,-3.216245299353273e-16,-1.0
0.3114669774752228,-0.35393145799298154,-0.8878347093924183,64.85500649055005,-0.1205366802553228,-0.992708874098054
0.3079088179419198,0.027028672387919173,29.713053354553573,66.00597762990067,-0.2393156642875574,-0.970941817426052
0.2841422457466569,0.12516314295400655,-2.128229636061832,82.32831684720857,-0.3546048870425356,-0.9350162426854148
0.015831465216680662,0.1112256351102241,2.449712934983111,69.30509242725154,-0.464723172043768,-0.8854560256532101
-0.014945333125023552,-0.5285252008653911,9.662364266235638,83.40673247577199,-0.5680647467311556,-0.8229838658936565
0.13020434064790276,0.06899287148695077,3.151430981320215,49.181597660865464,-0.663122658240795,-0.7485107481711013
0.1472394941419406,-0.22314355131420927,8.289088964776402,57.649230735209855,-0.7485107481711011,-0.6631226582407952
-0.028592825993843718,0.020619287202735315,16.964107409594295,84.58807966759416,-0.8229838658936564,-0.5680647467311559
0.02253424132213766,0.13353139262452318,-3.924344192298142,53.39682663475648,-0.8854560256532096,-0.4647231720437691
-0.15212707036773132,0.19415601444095731,24.351357603940688,43.839730954256055,-0.9350162426854148,-0.3546048870425359
0.00938974034983886,0.14994014729091454,27.10030032503684,85.76332907572962,-0.970941817426052,-0.2393156642875577
-0.3475930341347704,0.13036181786324352,15.59006271095257,43.77638957462634,-0.992708874098054,-0.1205366802553235
-0.1045033552551331,-0.09309042306601167,-1.5944398863724922,72.883532673788,-1.0,-1.8369701987210294e-16
-0.5031035776720802,-0.3993860620317822,8.281087585407953,59.8378232887987,-0.992708874098054,0.1205366802553232
0.3627294528474385,0.6931471805599454,-0.6309976644244336,49.66503667111151,-0.970941817426052,0.2393156642875573
-0.10223551311469148,0.45857493342211253,29.42884986523668,41.844710750668135,-0.9350162426854148,0.3546048870425355
-0.09827870006875905,0.4685658144761078,8.589973173334348,60.265835045087,-0.8854560256532101,0.464723172043768
-0.21628246093426373,0.15312240210169215,26.094408350959952,41.152307799031306,-0.822983865893657,0.5680647467311548
0.02531780798428951,0.5364211709549549,1.4240179737775185,75.22565672953208,-0.7485107481711011,0.6631226582407953
-0.053488684950986354,0.26762670563843205,-4.970307715015329,58.62278340265914,-0.6631226582407956,0.7485107481711007
0.26320921593305524,0.3149317148991564,22.104591921966627,81.66661209770986,-0.5680647467311559,0.8229838658936564
0.3652529126076738,0.5130409101416911,5.898849256628614,40.94764374151256,-0.4647231720437684,0.88545602565321
0.27944188456632535,0.20105466738206523,16.941975110005476,88.11100622153087,-0.3546048870425359,0.9350162426854148
0.2863514002660752,0.2692506664971246,5.511995527915753,48.771116082127136,-0.2393156642875578,0.970941817426052
0.1465126820302034,0.14864102401628898,3.901568392427216,62.65143714894556,-0.1205366802553236,0.992708874098054
0.10472776807423134,0.0025965610174463194,-1.0151456207087006,74.44977788945276,6.432490598706546e-16,1.0
0.21784731379273836,0.0012957565790934211,26.41586989048865,51.70896379589059,0.120536680255323,0.992708874098054
0.23036439855820579,-0.02790268003455587,12.7924643903402,71.86018017907308,0.2393156642875577,0.970941817426052
0.12485175591686648,-0.09344773414158514,25.973063700114835,49.92344832683278,0.3546048870425356,0.9350162426854148
-0.041430452099112,-0.25649700760757543,-2.183744673530938,71.50077056971081,0.4647231720437685,0.8854560256532099
-0.10617236875701419,-0.1892419996385284,-0.6223300547474725,51.69650440860783,0.5680647467311558,0.8229838658936564
-0.09470122819715865,-0.23650293983157855,16.979436544784193,76.96190918565921,0.6631226582407952,0.7485107481711011
-0.5550688492798797,-0.40438109716190684,24.096846534436747,82.81708450684405,0.7485107481711011,0.6631226582407953
0.20072961083024232,0.09698316154570819,24.480564522839707,85.68161983194933,0.8229838658936564,0.5680647467311558
-0.38916182825592305,-0.3018760720987199,11.800029600947582,83.49140815536963,0.8854560256532098,0.4647231720437686
0.05035388614561498,0.03399020022855126,11.968991979327278,52.37402595159568,0.9350162426854148,0.3546048870425355
-0.23549631928121073,-0.34499171502547643,5.319197012109007,68.89064064367383,0.970941817426052,0.239315664287558
-0.32411946865421193,-0.3874790117383826,14.899776918051993,62.333913566562,0.992708874098054,0.120536680255323
-0.33934093072569116,-0.4353180712578455,27.41544671817263,61.26601297708135,1.0,-1.6081226496766366e-16
-0.487337642458777,-0.7440055977934366,25.280975316153302,41.43177998683624,0.992708874098054,-0.1205366802553228
-0.40101075775878403,0.008658062743114314,-2.462918090551959,48.79224014351674,0.970941817426052,-0.2393156642875575
-0.15860503017663863,-0.25378052077609947,25.100967260204303,58.062387681014606,0.9350162426854148,-0.3546048870425354
-0.24686007793152598,-0.5877866649021191,19.49091434455288,88.87430586166163,0.8854560256532099,-0.4647231720437685
-0.24846135929849922,-0.24846135929849966,23.95338406443752,41.97138395041645,0.8229838658936565,-0.5680647467311557
-0.20829704319721554,-0.1670540846631665,8.03473988744452,73.08136325181799,0.7485107481711013,-0.6631226582407951
-0.0765400771223339,0.11441035117774412,2.581063895609093,69.8067697018949,0.6631226582407952,-0.7485107481711012
-0.17327172127403667,-0.43286408229627815,27.8791802001353,42.83835874353085,0.5680647467311558,-0.8229838658936564
-0.08455738802806323,0.4595323293784399,11.268500092842968,73.9396484137063,0.464723172043769,-0.8854560256532096
-0.26826398659467987,-1.1526795099383853,11.654870535118944,54.86732958429491,0.3546048870425358,-0.9350162426854148
0.31143615845988837,0.0,2.341957339174408,44.849106771142345,0.2393156642875576,-0.970941817426052
0.09402894964827624,0.9490805546971459,11.224802727968964,44.26825262498428,0.120536680255323,-0.992708874098054
-0.42488319396526597,-1.2367626271489267,21.068697401266732,79.49404999798567,-3.216245299353273e-16,-1.0
0.19530875232076594,1.1700712526502546,9.229367055360548,45.26443341918957,-0.1205366802553228,-0.992708874098054
-0.10178269430994202,-0.8823891801984738,14.64180443016787,49.98851464198,-0.2393156642875574,-0.970941817426052
-0.19671029424605457,-0.2876820724517808,14.890776933748825,86.66780846740954,-0.3546048870425356,-0.9350162426854148
0.37605122290187065,-0.5877866649021191,16.97492875549105,61.093695115989,-0.464723172043768,-0.8854560256532101
-0.37605122290187065,0.18232155679395445,9.728032183607528,44.61266702782681,-0.5680647467311556,-0.8229838658936565
-0.16507975035944877,-0.18232155679395445,-4.766041054717356,61.21207866167392,-0.663122658240795,-0.7485107481711013
0.18658595558041213,-0.22314355131420993,-4.534137720375363,57.29982646396769,-0.7485107481711011,-0.6631226582407952
-0.02150620522096336,0.0,7.421104223127543,59.728288509984246,-0.8229838658936564,-0.5680647467311559
0.1786917887433761,0.0,24.6795635022957,43.21858454121244,-0.8854560256532096,-0.4647231720437691
-0.03704127168034921,0.22314355131420993,24.30507383686883,59.17327915161244,-0.9350162426854148,-0.3546048870425359
0.1568424714929697,-0.5108256237659907,-3.5140919305213165,82.29413047244176,-0.970941817426052,-0.2393156642875577
0.06252035698133351,0.5108256237659907,3.8519688009212008,85.85464778172174,-0.992708874098054,-0.1205366802553235
-0.16430305129127554,0.18232155679395445,10.30594340407712,62.066940627472626,-1.0,-1.8369701987210294e-16
-0.41443377809092574,0.15415067982725827,4.213315814132793,65.76341598626014,-0.992708874098054,0.1205366802553232
0.5479651707154476,-0.15415067982725827,22.194932169465417,58.25255306227972,-0.970941817426052,0.2393156642875573
0.32975328637246815,-0.18232155679395445,22.61912093676733,71.74853497894264,-0.9350162426854148,0.3546048870425355
0.3316451958728974,0.6931471805599454,25.494313801413004,80.40931701489545,-0.8854560256532101,0.464723172043768
0.32721291120841567,0.18232155679395445,16.409194708775903,60.00327018692044,-0.822983865893657,0.5680647467311548
0.2596772946466661,-0.08701137698962969,23.77264118308812,68.69479372989287,-0.7485107481711011,0.6631226582407953
0.293271801930568,0.0,1.566188391722632,62.541006129528256,-0.6631226582407956,0.7485107481711007
0.4795730802618854,0.08701137698962969,7.741710578530923,41.666752299611936,-0.5680647467311559,0.8229838658936564
0.4546167042091138,0.5596157879354227,-3.3075866038297246,87.7842858605962,-0.4647231720437684,0.88545602565321
0.14869184274227365,-1.252762968495368,23.095803426904897,68.79923558997028,-0.3546048870425359,0.9350162426854148
0.3673762569885666,1.3862943611198908,29.728769734654584,86.40580884482681,-0.2393156642875578,0.970941817426052
0.5276248989143602,-0.13353139262452274,15.95139252136101,71.05078595065865,-0.1205366802553236,0.992708874098054
0.24683115571781666,-0.10008345855698275,13.1655939063377,55.50858115643641,6.432490598706546e-16,1.0
0.2638093514241726,0.5520685823000395,11.423015699196654,49.8311256333504,0.120536680255323,0.992708874098054
0.37625429677794386,0.4547361571149473,22.83706351545435,72.36788643553786,0.2393156642875577,0.970941817426052
0.14407888851816963,0.15963014559188426,0.712845386080666,41.88655834044075,0.3546048870425356,0.9350162426854148
-0.05582923923620342,0.2835752904991278,5.879662292946121,44.06282136616403,0.4647231720437685,0.8854560256532099
-0.17252675096766978,0.0,6.872289542544554,69.2490733178603,0.5680647467311558,0.8229838658936564
-0.505723220087706,0.10536051565782589,-2.305116532361964,89.29078875713125,0.6631226582407952,0.7485107481711011
0.2387027569693334,0.5690945318899665,22.00117333274367,40.302937382970285,0.7485107481711011,0.6631226582407953
-0.16865587901494017,0.1989539568430967,12.129133095693309,84.16368162848401,0.8229838658936564,0.5680647467311558
0.02313524196189576,0.6905665339664537,22.837118389851796,49.74125863010341,0.8854560256532098,0.4647231720437686
-0.09869937529104345,0.7059843273206257,5.544743369333162,53.195920317767026,0.9350162426854148,0.3546048870425355
-0.16831226298717095,0.5156608539523884,19.468786078915645,79.1936708002901,0.970941817426052,0.239315664287558
-0.323787077093896,0.29640250686110914,12.84931288759292,79.66530256666483,0.992708874098054,0.120536680255323
-0.2535794349117584,0.20139111951430522,-3.255979294786264,79.06890998977819,1.0,-1.6081226496766366e-16
-0.8907451801461397,-0.6977875601164474,29.64499894066747,45.01827681500091,0.992708874098054,-0.1205366802553228
0.06531530639551697,0.5137979462217963,12.4336966117592,79.71514193062134,0.970941817426052,-0.2393156642875575
-0.2630300434534689,-0.05314017939429849,-1.6958591879168612,51.35574374267737,0.9350162426854148,-0.3546048870425354
-0.3486675097150309,-0.12751332029895934,17.830200426342078,57.60343952041219,0.8854560256532099,-0.4647231720437685
-0.4024023185776189,-0.3528726579889936,1.0692063013576492,81.44787138034651,0.8229838658936565,-0.5680647467311557
-0.18599803152326277,0.11967877082128275,27.054523400525888,42.37155951756963,0.7485107481711013,-0.6631226582407951
0.09982033528221024,0.025759629558680608,10.26199530079249,89.5204290827822,0.6631226582407952,-0.7485107481711012
-0.09431067947124117,-0.10819014649934466,23.8972709460291,78.6871939673606,0.5680647467311558,-0.8229838658936564
-0.47661886836445433,-0.1952012196576156,22.580644034627507,61.92651396615298,0.464723172043769,-0.8854560256532096
0.060103924069704995,-0.16513673203985402,0.4419823055689797,64.15747096673655,0.3546048870425358,-0.9350162426854148
-0.7985076962177713,-0.6814206618196259,4.878386974616986,72.72892688573879,0.2393156642875576,-0.970941817426052
0.7559480817989757,0.4174824201121812,19.52745363645025,48.67535652936222,0.120536680255323,-0.992708874098054
0.22488117121275053,-0.1507435215056434,29.89021179829408,56.52035440248486,-3.216245299353273e-16,-1.0
-0.05715841383994835,-0.1403573576949224,7.046109264396245,78.69154217344521,-0.1205366802553228,-0.992708874098054
0.05715841383994835,-0.11863956675800047,15.668384125616564,55.56014459745762,-0.2393156642875574,-0.970941817426052
0.14217448878054295,-0.12293768624504775,18.836654600078433,55.677768614346014,-0.3546048870425356,-0.9350162426854148
0.11375888535665801,-0.05068148647614468,26.099626179668583,55.61671154816082,-0.464723172043768,-0.8854560256532101
0.11179140598811621,-0.1804883757122937,22.693249792807208,72.4128852169451,-0.5680647467311556,-0.8229838658936565
0.046956983087770965,-0.10821358464023234,20.707103195805367,56.863410733653616,-0.663122658240795,-0.7485107481711013
-0.09119023806459658,-0.20795338582023515,14.68141476862825,65.50414604925113,-0.7485107481711011,-0.6631226582407952
-0.6393444745669692,-0.5571063763299966,4.728804663467823,68.92775351227942,-0.8229838658936564,-0.5680647467311559
0.4993312443402562,0.10008345855698231,23.71712212271492,48.7951514660245,-0.8854560256532096,-0.4647231720437691
-0.1034355872482422,-0.4295626596872246,28.893062788873575,41.368021731073725,-0.9350162426854148,-0.3546048870425359
-0.3493756414571205,-0.20202662787328762,4.727702237313241,78.21317036996432,-0.992708874098054,0.1205366802553232
0.4643056081310979,0.09937247381320446,21.471296262196063,74.61336873123663,-0.970941817426052,0.2393156642875573
0.25131442828090567,-0.06995858860691051,-1.6671369175575823,74.18938993869223,-0.9350162426854148,0.3546048870425355
0.14842000511827358,0.3710636813908321,13.84207133753316,41.66723796810531,-0.8854560256532101,0.464723172043768
0.4067414324677685,-0.18632957819149354,6.229118351936594,83.03189724397112,-0.822983865893657,0.5680647467311548
0.19205296424417906,0.48643417064183136,-3.77624717972904,54.66138603945292,-0.7485107481711011,0.6631226582407953
0.24191365399620057,0.07145896398214457,27.4011981757132,60.51899883512315,-0.6631226582407956,0.7485107481711007
0.42780327475535884,0.5566557463069461,13.84570287829944,82.00764251711153,-0.5680647467311559,0.8229838658936564
-0.0936951054290267,-0.0909717782057271,7.307540371862983,84.1387535698255,-0.4647231720437684,0.88545602565321
0.8886944995731607,0.8656807309877372,3.808571854512085,41.71016489501474,-0.3546048870425359,0.9350162426854148
0.46420827979387624,0.46269098239944917,22.9775451385692,44.81397531341253,-0.2393156642875578,0.970941817426052
0.237177377215108,0.33909003916329183,8.741275824902788,66.11624709028938,-0.1205366802553236,0.992708874098054
0.11585066790532927,0.14712324401980137,-4.847219763726479,71.34156148584411,6.432490598706546e-16,1.0
-0.004523432591817311,0.1088101301173996,-4.145874775906176,82.10812539116132,0.120536680255323,0.992708874098054
-0.10387438196787535,0.08018866111464718,1.6836158780926958,76.47635082256801,0.2393156642875577,0.970941817426052
-0.2443243733936562,0.015638893884455385,14.66076272876874,40.91611278608831,0.3546048870425356,0.9350162426854148
-0.2907448619823265,-0.15242802651581222,8.393622536455668,60.2361070042378,0.4647231720437685,0.8854560256532099
-0.7167361079564252,-0.4729530884156956,25.3727623495109,66.67190583332945,0.5680647467311558,0.8229838658936564
-0.9029793872359155,-0.7203671517940329,1.225234152852868,44.62924264699559,0.6631226582407952,0.7485107481711011
-0.8068064990324668,-1.203237239746982,20.76896027940715,53.8605348784172,0.7485107481711011,0.6631226582407953
-0.44802472252696024,-0.9236708391717778,18.632356333968858,77.75839936729716,0.8229838658936564,0.5680647467311558
-0.24512245803298516,-0.7701082216960735,4.760959816588691,41.95697734003403,0.8854560256532098,0.4647231720437686
-0.46262352194811296,0.1133286853070028,-0.2112807092275209,88.63406096698755,0.9350162426854148,0.3546048870425355
0.09798040836020316,0.2513144282809061,-3.6039693706806974,41.18218973759653,0.970941817426052,0.239315664287558
-0.013423020332139934,0.0,-0.3747477945347716,58.28569255295043,0.992708874098054,0.120536680255323
-0.43286408229627904,-0.5877866649021191,-3.992177740579457,44.653529926392906,1.0,-1.6081226496766366e-16
-1.09861228866811,-0.7985076962177713,19.33196300351506,42.21429872907507,0.992708874098054,-0.1205366802553228
0.11778303565638337,-0.5877866649021191,25.414033032341965,59.746945683993125,0.970941817426052,-0.2393156642875575
-0.9444616088408513,-0.9162907318741552,5.457593372144396,75.5247314810808,0.9350162426854148,-0.3546048870425354
-0.33647223662121273,0.6931471805599453,10.76968326802249,76.29854980844007,0.8854560256532099,-0.4647231720437685
1.791759469228055,0.6931471805599453,15.03004823598856,62.61243113199012,0.7485107481711013,-0.6631226582407951
-0.4054651081081644,0.9162907318741552,20.299342805553916,69.44162119676069,0.6631226582407952,-0.7485107481711012
-0.9162907318741553,-1.3862943611198904,19.676959374967016,72.33715301227394,0.120536680255323,-0.992708874098054
0.0,0.0,21.083595131833036,79.88981869255197,-0.822983865893657,0.5680647467311548
0.2876820724517808,1.2039728043259361,23.11207215466339,62.29732395791611,-0.5680647467311559,0.8229838658936564
-0.2876820724517808,-1.2039728043259361,5.9212309296817205,76.78588348772887,-0.4647231720437684,0.88545602565321
0.2876820724517808,1.8458266904983305,10.756563391716458,61.09612784521629,-0.3546048870425359,0.9350162426854148
0.0,0.27443684570176075,1.2926256033618078,63.64615192596417,-0.2393156642875578,0.970941817426052
0.4054651081081645,0.7609697768987065,8.253174617310048,64.37491568925238,0.120536680255323,0.992708874098054
-0.4054651081081645,0.008163310639160315,15.623073725148764,57.617198914156944,0.2393156642875577,0.970941817426052
0.0,0.25671984684781446,27.96107832438239,85.51296803193348,0.3546048870425356,0.9350162426854148
0.0,-0.04502368137395507,2.4282023438438904,87.70311113681636,0.4647231720437685,0.8854560256532099
0.0,-0.04445176257083361,24.1250711667314,85.6979249830155,0.992708874098054,0.120536680255323
0.4054651081081645,0.09163032284592454,14.020695719293816,52.807640400678885,1.0,-1.6081226496766366e-16
0.0,-0.13229707854063744,-0.0619624011242858,61.47688160490233,0.8229838658936565,-0.5680647467311557
0.4054651081081645,-0.1022395030520693,5.033326837518717,55.58949872696556,0.3546048870425358,-0.9350162426854148
-0.6931471805599453,0.21992983671111332,21.36227121712091,47.769820746193275,-0.2393156642875574,-0.970941817426052
0.0,-0.19354308153791866,19.524745955406456,59.36552120869618,-0.3546048870425356,-0.9350162426854148
-0.9162907318741552,0.1301125858757377,-0.4512623330991877,46.527586545560375,-0.2393156642875578,0.970941817426052
-0.4054651081081645,0.01602044629427013,3.701597678259821,52.90139998647808,0.2393156642875577,0.970941817426052
1.3862943611198904,-0.08788997469094006,3.931339961081352,82.54925671324625,0.3546048870425356,0.9350162426854148
0.0,-0.12255794240934481,27.559776778990013,78.30980645989108,0.4647231720437685,0.8854560256532099
-1.3862943611198904,-0.8693337487863833,24.555524270402405,67.67220498894635,0.5680647467311558,0.8229838658936564
2.014903020542265,0.002884617384859567,23.571226600400795,44.34807323127037,0.8229838658936564,0.5680647467311558
-2.014903020542265,0.09299440309378415,26.951072610749083,52.46484055007751,0.8854560256532098,0.4647231720437686
1.6582280766035324,-0.11238424953713366,0.2198134286574149,89.44911775797154,0.9350162426854148,0.3546048870425355
0.48183808689273855,-0.36235498445443604,28.391700793645157,74.76718785534831,0.970941817426052,0.239315664287558
-0.30748469974796055,-0.3470767898700098,16.90120544586938,71.59890025029132,0.992708874098054,0.120536680255323
0.9555114450274358,-0.32795142810746025,15.471116771451982,69.39796092888294,1.0,-1.6081226496766366e-16
-0.031252543504104224,-0.8514501154879701,20.523572000239724,47.3840908594144,0.992708874098054,-0.1205366802553228
0.10536051565782678,-0.27802016154004416,19.26238563963333,73.66535279042539,0.970941817426052,-0.2393156642875575
0.34662460808523043,-0.4248831939652664,-1.1277083205235106,54.45146647335225,0.9350162426854148,-0.3546048870425354
0.3816138922859844,-0.497838428239179,19.899354137054008,70.34684119172229,0.8854560256532099,-0.4647231720437685
-0.6072858899535527,-0.5436154465889818,-0.0086713909329932,63.24834261522316,0.8229838658936565,-0.5680647467311557
1.0377239189930973,0.16989903679539697,19.2191105990183,64.08672724077773,0.7485107481711013,-0.6631226582407951
0.7561430325745224,-0.6623755218931917,28.735069859724025,78.54352168702805,0.6631226582407952,-0.7485107481711012
0.15565330971179314,-0.5520685823000395,4.882528568607502,45.583616003183,0.5680647467311558,-0.8229838658936564
0.1610764481802187,-0.054067221270275745,14.317255921885856,77.54482200742079,0.464723172043769,-0.8854560256532096
0.48219890233955365,-0.3254224004346278,10.172494816483749,80.75876256527906,0.3546048870425358,-0.9350162426854148
0.2784062299892591,0.14310084364067333,-2.9158610649681806,56.05936673494873,0.2393156642875576,-0.970941817426052
0.23071339393163104,-1.0986122886681096,9.288779744651606,52.67373804282047,0.120536680255323,-0.992708874098054
0.004542881180300107,-0.9162907318741552,5.235061810098091,82.42606632076223,-3.216245299353273e-16,-1.0
0.07475527373793867,1.7047480922384253,-4.809696957697834,53.593839638269806,-0.1205366802553228,-0.992708874098054
-0.03422794018970343,-0.2006706954621511,26.67490045535498,40.38705066537856,-0.2393156642875574,-0.970941817426052
-0.14809361660425147,0.2876820724517808,5.553945442495262,65.92532087191259,-0.3546048870425356,-0.9350162426854148
-0.08695402274109743,0.2231435513142097,16.21583801626437,65.88488957426776,-0.464723172043768,-0.8854560256532101
-0.04145307224981476,-0.3101549283038394,29.6175672597858,41.10943232500092,-0.5680647467311556,-0.8229838658936565
-0.04549574022013392,0.0,-1.862788929716091,89.30252530798107,-0.663122658240795,-0.7485107481711013
-0.16357937498421382,-0.09531017980432477,8.931430939975606,77.34986120838018,-0.7485107481711011,-0.6631226582407952
-0.14944617247358583,-0.5108256237659909,11.551446070237692,65.67509357722902,-0.8229838658936564,-0.5680647467311559
-0.2911102554458491,0.5108256237659909,-3.3110009016900177,70.44723244399114,-0.8854560256532096,-0.4647231720437691
-0.09957751369417878,0.40546510810816416,-4.864766002816816,42.09973962929866,-0.9350162426854148,-0.3546048870425359
0.028423753437888166,-0.9162907318741551,-0.9245989859916454,50.64849438806222,-0.970941817426052,-0.2393156642875577
-0.18764543804670453,-1.0986122886681096,1.614184477316033,56.13115071575406,-0.992708874098054,-0.1205366802553235
0.19499300967709932,0.6931471805599453,-4.294519823579516,71.06673857108879,-1.0,-1.8369701987210294e-16
-0.12623741426196933,-0.6931471805599453,-2.7917605203169487,43.45135770926243,-0.992708874098054,0.1205366802553232
-0.023530497410193973,1.252762968495368,4.976471432779007,69.042890078947,-0.970941817426052,0.2393156642875573
0.018534650216822435,-1.252762968495368,19.913352033373336,72.95283634813056,-0.9350162426854148,0.3546048870425355
0.005263170044274901,0.9162907318741552,16.708015103481742,76.68103617795167,-0.4647231720437684,0.88545602565321
0.051162052179868134,-0.5108256237659907,23.44014733354919,43.64353567356165,-0.3546048870425359,0.9350162426854148
0.04348511193973836,0.9162907318741552,27.077221774715937,79.01569345426057,0.5680647467311558,0.8229838658936564
2.294038032415587,0.47000362924573524,16.013976803219975,44.20675587691269,0.6631226582407952,0.7485107481711011
1.695733725886937,0.0,0.999875809702166,78.79553962269492,0.7485107481711011,0.6631226582407953
1.1410078476357954,0.8649974374866045,4.100772736702913,51.33470973120308,0.8229838658936564,0.5680647467311558
0.5606574734047136,-0.17185025692665912,9.984313487433786,47.27727883918148,0.8854560256532098,0.4647231720437686
0.07302007845473568,-0.06453852113757108,10.325040112566484,59.39527538433695,0.9350162426854148,0.3546048870425355
-0.03726294587560908,-2.0149030205422647,8.93523578532955,87.18210771857986,0.970941817426052,0.239315664287558
-0.2723319778848232,0.5108256237659909,2.8382851793096253,58.00680976739734,0.992708874098054,-0.1205366802553228
-0.3237475908404228,-0.35667494393873267,9.712826208915793,44.59016443773202,0.970941817426052,-0.2393156642875575
-0.16828773089305749,1.312186388966169,23.70361363013844,73.94720112845019,0.9350162426854148,-0.3546048870425354
-0.4328640822962786,-0.485507815781701,29.174413823744597,72.37445585679532,0.8854560256532099,-0.4647231720437685
-0.5443680445345969,-0.13353139262452274,-2.4633463597128538,86.04115971600149,0.8229838658936565,-0.5680647467311557
-0.6604731923252922,-0.24116205681688774,15.77829559385856,71.62051705711293,0.7485107481711013,-0.6631226582407951
-0.8683697550693106,0.3101549283038394,17.637247356805233,45.71083735608837,0.6631226582407952,-0.7485107481711012
-0.6787584431078448,-0.6286086594223743,4.906295185408151,80.60057850215904,0.5680647467311558,-0.8229838658936564
-0.40139178272052867,-1.3862943611198904,-4.1971539596777525,41.73369616283309,0.464723172043769,-0.8854560256532096
-0.5355182363563626,1.0986122886681096,18.47227933231085,74.98409762660717,0.3546048870425358,-0.9350162426854148
-0.735706794978741,0.9808292530117262,10.614887349076543,79.21425493036324,0.2393156642875576,-0.970941817426052
-0.0909717782057271,-0.5753641449035616,27.667635288481826,80.54056286869643,0.120536680255323,-0.992708874098054
0.33986782562235174,-0.11778303565638382,21.26741974461435,85.76860637827401,-3.216245299353273e-16,-1.0
0.44425113314332076,0.11778303565638382,21.52305082021372,53.107212039393914,-0.1205366802553228,-0.992708874098054
0.1510402574128653,1.0216512475319814,19.951646252893156,85.80872868282381,-0.2393156642875574,-0.970941817426052
0.3834169708864019,-0.12783337150988494,15.193101409457554,84.15062457691025,-0.3546048870425356,-0.9350162426854148
0.44908573058405477,-0.2578291093020999,7.547256138159128,41.545907963035035,-0.464723172043768,-0.8854560256532101
0.18840060287033733,0.6931471805599454,27.789199642553008,88.70090613823524,-0.5680647467311556,-0.8229838658936565
0.23052365861183244,0.08455738802806234,0.5011821850917864,83.7260617013282,-0.663122658240795,-0.7485107481711013
0.10642946284673105,0.0,14.690514215111468,72.65172346601454,-0.7485107481711011,-0.6631226582407952
0.16575886753325708,0.4495250979021952,18.654851684424493,74.10560719071087,-0.8229838658936564,-0.5680647467311559
-0.02474353038360544,0.08269171584511348,15.999204154245929,67.96831340570392,-0.8854560256532096,-0.4647231720437691
0.1947698503205233,0.5296941080703732,16.71526769299467,52.290740082814935,-0.9350162426854148,-0.3546048870425359
0.2002019820718024,0.29698446511409493,12.02707805837392,52.12785746889802,-0.970941817426052,-0.2393156642875577
0.2478704674567176,0.34830669426821537,24.89671171022389,59.368704642572574,-0.992708874098054,-0.1205366802553235
-0.11750864959347407,0.03373813963185057,19.008242132011564,63.19565350448523,-1.0,-1.8369701987210294e-16
0.1864283387466079,0.1370795926806201,15.872604177787718,50.361815687450736,-0.992708874098054,0.1205366802553232
0.580474018055833,0.2411620568168873,13.32447394600675,65.21438145734338,-0.970941817426052,0.2393156642875573
0.2185458420655806,0.3746934494414109,-2.5193218030553077,89.32684740790751,-0.9350162426854148,0.3546048870425355
0.4363205504455294,0.35823622450568493,-1.9897198612879352,59.58963470900256,-0.8854560256532101,0.464723172043768
0.24430617905348662,0.21531265773366215,14.653539393019658,60.005392072852715,-0.822983865893657,0.5680647467311548
0.24684549546402756,0.17917194789105828,19.025850688276755,61.904107726426616,-0.7485107481711011,0.6631226582407953
0.5101327115010701,0.20038387486646592,-2.9113904251827556,40.1684935629908,-0.6631226582407956,0.7485107481711007
0.37045717157338487,0.372809145134112,2.053993029025047,88.01827581152762,-0.5680647467311559,0.8229838658936564
0.10852160150804302,0.20314647713579959,11.394447322388526,88.02241117982135,-0.4647231720437684,0.88545602565321
0.028931364769661627,0.21547025835879285,4.7677505599614864,67.58382210493797,-0.3546048870425359,0.9350162426854148
-0.17369188186701834,0.11656891704396699,3.824191967297928,53.29965506827075,-0.2393156642875578,0.970941817426052
-0.20753691039295674,0.1541010926405777,14.20733270202511,83.49584797551314,-0.1205366802553236,0.992708874098054
-0.10760217606807565,0.28916861947742767,20.815911080011933,65.23180236743043,6.432490598706546e-16,1.0
-0.20418450330842397,0.20042759347967198,16.904420048350914,41.066309297982954,0.120536680255323,0.992708874098054
-0.31072978550358954,0.1249700492707877,7.998249061530921,65.91062483532835,0.2393156642875577,0.970941817426052
-0.36453530268812173,0.06374362853198612,15.83887474631516,43.25697014172675,0.3546048870425356,0.9350162426854148
-0.4396789715627696,-0.12838944005107678,-1.893615677109194,88.52962015209478,0.4647231720437685,0.8854560256532099
-0.2271677016139355,0.05315422273002568,0.9491751622010968,71.13773355224082,0.5680647467311558,0.8229838658936564
-0.34935731317933616,-0.20327868390042347,4.605228671640654,77.87003256003092,0.6631226582407952,0.7485107481711011
-0.003580383345012983,-0.03884575852238825,25.7447998014258,80.2899295310573,0.7485107481711011,0.6631226582407953
0.03593200922606421,0.006408290664099425,10.234150276894889,43.00935903697459,0.8229838658936564,0.5680647467311558
0.0791373205587238,-0.21785158222460055,25.53002700307008,77.73959894557542,0.8854560256532098,0.4647231720437686
0.07333127308554932,-0.007199825393167103,21.08930123501429,58.47063631779712,0.9350162426854148,0.3546048870425355
-0.05057428596293434,-0.16792249681448723,9.355330924368207,76.23430868752138,0.970941817426052,0.239315664287558
-0.009419221916490805,-0.1837878327164839,7.482163406113866,43.35444107200442,0.992708874098054,0.120536680255323
-0.001262626430368563,-0.2962784658044768,20.80884167931218,69.84986713927859,1.0,-1.6081226496766366e-16
-0.20003918296879242,-0.5225700313568469,10.42342121928647,46.214483024717794,0.992708874098054,-0.1205366802553228
-0.04175478540150834,-0.3535896204991955,28.494847293245325,54.228823972056816,0.970941817426052,-0.2393156642875575
0.10600391281690413,-0.446583355037637,13.036594473692366,46.263069321666016,0.9350162426854148,-0.3546048870425354
0.11536815884892349,-0.3673133421437882,1.6422995162640883,50.80591240347945,0.8854560256532099,-0.4647231720437685
-0.16354346143325849,-0.6159881000133272,-1.536493069452095,58.480738117285064,0.8229838658936565,-0.5680647467311557
0.3223805729941436,-0.19027388498444964,9.072587432700514,55.90465033840428,0.7485107481711013,-0.6631226582407951
-0.016639319003965092,-0.2581814080550835,24.483351504174724,84.51806008868016,0.6631226582407952,-0.7485107481711012
-0.17496612409999734,-0.18698356989976617,26.885152104155036,75.28055422895821,0.5680647467311558,-0.8229838658936564
-0.04985668873393223,-0.27837967978946665,0.6258686962184096,84.8234158860719,0.464723172043769,-0.8854560256532096
-0.11647087171007531,-0.23556607131276763,10.78630929880625,76.13893234258347,0.3546048870425358,-0.9350162426854148
-0.015061719529410489,-0.3302416868705764,20.334252349535365,43.60475125074338,0.2393156642875576,-0.970941817426052
0.08787628506390543,0.3457458734065417,5.011452262717714,62.171952766309346,0.120536680255323,-0.992708874098054
0.11003137512045313,-0.2231435513142097,-4.706808925375114,45.201722603216666,-3.216245299353273e-16,-1.0
0.09196848914242128,-0.21357410029805912,29.611158666312264,56.16295908279281,-0.1205366802553228,-0.992708874098054
-0.10982020288422589,0.1541506798272585,-3.1489989228869324,44.228494540158074,-0.2393156642875574,-0.970941817426052
-0.2572406547628461,-0.3654597734944649,4.479964869192468,77.81236215064777,-0.3546048870425356,-0.9350162426854148
0.07238085600764688,0.05715841383994835,12.615605134494636,76.0318524495231,-0.464723172043768,-0.8854560256532101
0.0,0.0,0.8419417033210275,76.51852118190898,-0.5680647467311556,-0.8229838658936565
-0.21395634868771385,-0.2876820724517808,23.19000124009647,65.74838507541475,-0.663122658240795,-0.7485107481711013
-0.06679421107430539,0.13815033848081715,26.28880254711924,71.4670595586859,-0.7485107481711011,-0.6631226582407952
-0.17744504972749997,-0.3429447511268302,2.0225869658935673,66.8603001307568,-0.8229838658936564,-0.5680647467311559
-0.3151280490605286,-0.5260930958967793,6.8643937652636735,54.55443043461169,-0.8854560256532096,-0.4647231720437691
0.22488117121275053,0.5705448584676129,23.34085587058393,77.13832532266368,-0.9350162426854148,-0.3546048870425359
-0.27846541734685726,0.08338160893905133,26.385610434437588,86.17673733246802,-0.970941817426052,-0.2393156642875577
0.3004443240656327,-0.38566248081198484,28.00123897440938,84.88021774991294,-0.992708874098054,-0.1205366802553235
-0.2967813163068955,-0.4353180712578455,-4.3061467611985895,57.44916104536179,-1.0,-1.8369701987210294e-16
0.09912539551283395,0.24116205681688774,13.186053482334186,55.67466342769618,-0.992708874098054,0.1205366802553232
0.0856307333905022,-0.15415067982725805,14.82943987928381,84.9466404444314,-0.970941817426052,0.2393156642875573
-0.03557993243262558,-0.18232155679395445,26.878476942116382,73.42848087792008,-0.9350162426854148,0.3546048870425355
0.10740566700388143,0.5306282510621703,12.515768474499588,80.82691149156469,-0.8854560256532101,0.464723172043768
0.17593629210528228,0.6007738604289301,-3.905980358431033,83.61280894036658,-0.822983865893657,0.5680647467311548
0.10036585668373554,-2.740840023925201,3.964710718237468,45.795153345548286,-0.7485107481711011,0.6631226582407953
0.15934867349094795,1.791759469228055,27.282721379795134,40.39603256332532,-0.6631226582407956,0.7485107481711007
0.30581493555078687,0.2876820724517808,26.459352512583383,55.08724208914366,-0.5680647467311559,0.8229838658936564
0.3505239900768631,0.11778303565638337,-1.14621196099166,70.23957398780824,-0.4647231720437684,0.88545602565321
0.197083131371393,0.3285040669720365,0.6325850124154514,72.32895582863064,-0.3546048870425359,0.9350162426854148
0.4349053502742972,-0.8209805520698303,27.37417484114853,61.89212840312138,-0.2393156642875578,0.970941817426052
0.6215200221446384,0.3746934494414105,9.034197087878148,66.51864394388701,-0.1205366802553236,0.992708874098054
0.12671621655928966,0.0,13.267744161638248,61.377440349323166,6.432490598706546e-16,1.0
0.1512644777878549,-0.06453852113757108,11.802110184521336,78.7591895327097,0.120536680255323,0.992708874098054
0.04091639745256259,-0.14310084364067333,11.44054981674586,75.8181665116638,0.2393156642875577,0.970941817426052
-0.07759954280728465,0.6931471805599454,11.147335982793548,71.11515492532233,0.3546048870425356,0.9350162426854148
-0.12695311956558442,-0.12260232209233246,18.165827472448857,66.94473754559796,0.4647231720437685,0.8854560256532099
-0.3942877788339221,-0.4274440148269396,15.529040919938527,89.13339670067064,0.5680647467311558,0.8229838658936564
0.19750391460438976,0.6241543090729937,23.185964012429977,41.97753376797116,0.6631226582407952,0.7485107481711011
-0.11859266290408321,-0.1133286853070028,14.329546120281856,77.30720731119713,0.7485107481711011,0.6631226582407953
-0.05307367921139772,0.4700036292457348,18.559428769790472,41.60519637889467,0.8229838658936564,0.5680647467311558
-0.3795971370259412,0.33647223662121384,12.271869555209166,43.119757578717376,0.8854560256532098,0.4647231720437686
-0.4511828774104192,0.35667494393873156,21.847302550347905,46.86225224799102,0.9350162426854148,0.3546048870425355
-0.3537007939541299,0.0838814839807025,9.685601365968116,57.98723523023387,0.970941817426052,0.239315664287558
-0.4134926741529119,-0.1892419996385284,19.75112062354888,82.31671753416283,0.992708874098054,0.120536680255323
-0.38495156827506083,0.15415067982725805,29.057984352821567,55.3416094628063,1.0,-1.6081226496766366e-16
-0.5188953214116001,-0.35327935493759366,17.905503307024745,49.1751214493604,0.992708874098054,-0.1205366802553228
-0.4302909918388673,-0.22738984219566127,3.5017739336889053,89.11962473083746,0.970941817426052,-0.2393156642875575
-0.382773696906094,0.12014431184206353,8.584825445928775,42.59757482292956,0.9350162426854148,-0.3546048870425354
0.07410797215372256,0.0727593542824283,16.508194260351612,58.05552216243347,0.8854560256532099,-0.4647231720437685
-0.19129022677671603,-0.5465437063680705,28.19034689916535,41.43377082909935,0.8229838658936565,-0.5680647467311557
0.057758834152192406,0.029852963149681777,14.039124148426502,80.87272443203291,0.7485107481711013,-0.6631226582407951
-0.11332868530700235,0.02898753687325195,7.722356197437941,73.98154207403115,0.6631226582407952,-0.7485107481711012
-0.19497267434751375,-0.5596157879354227,0.1055167268140677,41.59548850644355,0.5680647467311558,-0.8229838658936564
-0.03533936644530922,-0.5108256237659905,-3.83868623811685,75.9801943393765,0.464723172043769,-0.8854560256532096
0.16539249469350725,0.40546510810816416,8.48180764979611,40.05646370112555,0.3546048870425358,-0.9350162426854148
-0.15822400521489488,-0.11778303565638337,12.108938463987798,63.29705811906766,0.2393156642875576,-0.970941817426052
-0.007168489478612372,-0.06453852113757108,0.5081706429041749,69.00705157810474,0.120536680255323,-0.992708874098054
0.1714715407698888,0.4700036292457357,27.670514313685135,75.2107970916077,-3.216245299353273e-16,-1.0
-0.06252035698133351,0.040821994520255256,-1.4117939610768715,48.78010364541815,-0.1205366802553228,-0.992708874098054
0.03797924806521635,-0.040821994520255256,19.86877498608515,87.8563636319905,-0.2393156642875574,-0.970941817426052
0.11155248590574729,0.3483066942682158,8.884529069673766,82.4796270890413,-0.3546048870425356,-0.9350162426854148
0.02197890671877545,-0.029852963149681777,2.1418903104762688,40.7200068147616,-0.464723172043768,-0.8854560256532101
-0.02754995176823094,-0.030771658666753243,8.479265978522177,42.30283515555257,-0.5680647467311556,-0.8229838658936565
0.0490561569891943,0.19782574332991976,21.353302149364968,75.65195977016904,-0.663122658240795,-0.7485107481711013
0.11541617064611742,0.2876820724517808,19.74744200313567,65.25317187496206,-0.7485107481711011,-0.6631226582407952
0.11620200765906485,-0.08004270767353594,22.186698192435784,57.755563667039645,-0.8229838658936564,-0.5680647467311559
0.36088547647507596,0.2559333741372005,26.391970784154353,62.22609150575118,-0.8854560256532096,-0.4647231720437691
-0.07955263170195437,-0.016260520871780315,28.37153559770332,81.70300363501975,-0.9350162426854148,-0.3546048870425359
0.2269579233896808,-0.1405819506211894,1.1398959941235949,54.557011703954394,-0.970941817426052,-0.2393156642875577
0.06628192438444724,0.20409535634351483,5.686905799562153,46.939418657299775,-0.992708874098054,-0.1205366802553235
0.25447648625155406,0.030305349495328926,23.960407316535836,47.65571167128736,-1.0,-1.8369701987210294e-16
0.10646487800087989,-0.16164135155641546,0.6489069786605345,54.578361426311815,-0.992708874098054,0.1205366802553232
0.27224902370003257,0.06782259633876109,29.082596262196745,54.88750533246447,-0.970941817426052,0.2393156642875573
0.4067253477204522,-0.1988508587451654,4.415541470004711,61.997303583438054,-0.9350162426854148,0.3546048870425355
0.3973155618097275,0.307484699747961,16.760624492864192,80.38952069485408,-0.8854560256532101,0.464723172043768
