CauseVar,EffectVar,FStatistic,PValue,Lags,Significant
LOG_INF_B,temperature,2.226945,0.038613,6,true
LOG_INF_B,dew_point_temperature,0.590259,0.738314,6,false
LOG_INF_B,relative_humidity,1.945686,0.070881,6,false
LOG_INF_B,wind_speed,0.841207,0.538142,6,false
LOG_INF_B,sea_level_pressure,1.481994,0.181140,6,false
LOG_INF_B,visibility,1.304594,0.252277,6,false
LOG_INF_B,wet_bulb_temperature,1.061770,0.383854,6,false
LOG_INF_B,precipitation,0.634648,0.702601,6,false
LOG_INF_B,precipitation_24_hour,1.443514,0.194932,6,false
LOG_INF_B,LOG_PRECIPITATION,0.453048,0.843054,6,false
LOG_INF_B,LOG_VISIBILITY,1.397263,0.212676,6,false
LOG_INF_B,LOG_PRECIPITATION_24_HOUR,3.626001,0.001463,6,true
LOG_INF_B,LOG_RELATIVE_HUMIDITY,2.035848,0.058495,6,false
temperature,LOG_INF_B,0.717121,0.635880,6,false
temperature,dew_point_temperature,6.019702,0.000003,6,true
temperature,relative_humidity,3.141731,0.004707,6,true
temperature,wind_speed,2.462342,0.022839,6,true
temperature,sea_level_pressure,1.770044,0.102202,6,false
temperature,visibility,0.849692,0.531681,6,false
temperature,wet_bulb_temperature,4.254336,0.000310,6,true
temperature,precipitation,0.474311,0.827707,6,false
temperature,precipitation_24_hour,1.986876,0.064948,6,false
temperature,LOG_PRECIPITATION,0.349357,0.910435,6,false
temperature,LOG_VISIBILITY,1.040255,0.397516,6,false
temperature,LOG_PRECIPITATION_24_HOUR,1.555281,0.157175,6,false
temperature,LOG_RELATIVE_HUMIDITY,3.060118,0.005714,6,true
dew_point_temperature,LOG_INF_B,1.031883,0.402919,6,false
dew_point_temperature,temperature,1.829797,0.090355,6,false
dew_point_temperature,relative_humidity,3.150646,0.004608,6,true
dew_point_temperature,wind_speed,2.827325,0.009876,6,true
dew_point_temperature,sea_level_pressure,1.326501,0.242411,6,false
dew_point_temperature,visibility,0.691547,0.656529,6,false
dew_point_temperature,wet_bulb_temperature,3.543237,0.001790,6,true
dew_point_temperature,precipitation,0.693114,0.655262,6,false
dew_point_temperature,precipitation_24_hour,2.034030,0.058724,6,false
dew_point_temperature,LOG_PRECIPITATION,0.335274,0.918419,6,false
dew_point_temperature,LOG_VISIBILITY,0.692259,0.655954,6,false
dew_point_temperature,LOG_PRECIPITATION_24_HOUR,1.691411,0.119928,6,false
dew_point_temperature,LOG_RELATIVE_HUMIDITY,3.057548,0.005748,6,true
relative_humidity,LOG_INF_B,1.117035,0.350251,6,false
relative_humidity,temperature,1.341438,0.235866,6,false
relative_humidity,dew_point_temperature,2.052842,0.056399,6,false
relative_humidity,wind_speed,0.599910,0.730587,6,false
relative_humidity,sea_level_pressure,2.377457,0.027643,6,true
relative_humidity,visibility,0.658164,0.683566,6,false
relative_humidity,wet_bulb_temperature,2.112741,0.049556,6,true
relative_humidity,precipitation,0.419352,0.866428,6,false
relative_humidity,precipitation_24_hour,0.197811,0.977438,6,false
relative_humidity,LOG_PRECIPITATION,0.572021,0.752834,6,false
relative_humidity,LOG_VISIBILITY,0.981681,0.436317,6,false
relative_humidity,LOG_PRECIPITATION_24_HOUR,0.681922,0.664320,6,false
relative_humidity,LOG_RELATIVE_HUMIDITY,0.964746,0.447961,6,false
wind_speed,LOG_INF_B,1.532112,0.164436,6,false
wind_speed,temperature,2.479834,0.021953,6,true
wind_speed,dew_point_temperature,3.073742,0.005532,6,true
wind_speed,relative_humidity,0.505082,0.804805,6,false
wind_speed,sea_level_pressure,4.640577,0.000118,6,true
wind_speed,visibility,1.646317,0.131292,6,false
wind_speed,wet_bulb_temperature,4.641127,0.000117,6,true
wind_speed,precipitation,1.910039,0.076415,6,false
wind_speed,precipitation_24_hour,1.116046,0.350834,6,false
wind_speed,LOG_PRECIPITATION,0.175797,0.983379,6,false
wind_speed,LOG_VISIBILITY,1.398412,0.212219,6,false
wind_speed,LOG_PRECIPITATION_24_HOUR,2.417744,0.025254,6,true
wind_speed,LOG_RELATIVE_HUMIDITY,0.490950,0.815417,6,false
sea_level_pressure,LOG_INF_B,2.885599,0.008619,6,true
sea_level_pressure,temperature,3.705906,0.001204,6,true
sea_level_pressure,dew_point_temperature,3.704018,0.001209,6,true
sea_level_pressure,relative_humidity,5.155270,0.000032,6,true
sea_level_pressure,wind_speed,2.795794,0.010629,6,true
sea_level_pressure,visibility,1.400308,0.211468,6,false
sea_level_pressure,wet_bulb_temperature,2.420955,0.025072,6,true
sea_level_pressure,precipitation,0.597865,0.732226,6,false
sea_level_pressure,precipitation_24_hour,0.894998,0.497808,6,false
sea_level_pressure,LOG_PRECIPITATION,1.186412,0.311136,6,false
sea_level_pressure,LOG_VISIBILITY,1.116454,0.350594,6,false
sea_level_pressure,LOG_PRECIPITATION_24_HOUR,1.833360,0.089690,6,false
sea_level_pressure,LOG_RELATIVE_HUMIDITY,5.194262,0.000029,6,true
visibility,LOG_INF_B,0.110375,0.995246,6,false
visibility,temperature,1.075277,0.375443,6,false
visibility,dew_point_temperature,1.551741,0.158266,6,false
visibility,relative_humidity,2.688607,0.013624,6,true
visibility,wind_speed,1.361105,0.227470,6,false
visibility,sea_level_pressure,0.395492,0.882177,6,false
visibility,wet_bulb_temperature,0.509261,0.801639,6,false
visibility,precipitation,0.094877,0.996874,6,false
visibility,precipitation_24_hour,0.548625,0.771270,6,false
visibility,LOG_PRECIPITATION,0.079957,0.998066,6,false
visibility,LOG_VISIBILITY,6.776292,0.000000,6,true
visibility,LOG_PRECIPITATION_24_HOUR,0.984466,0.434420,6,false
visibility,LOG_RELATIVE_HUMIDITY,2.754009,0.011712,6,true
wet_bulb_temperature,LOG_INF_B,1.195936,0.306033,6,false
wet_bulb_temperature,temperature,0.332357,0.920033,6,false
wet_bulb_temperature,dew_point_temperature,1.882150,0.081019,6,false
wet_bulb_temperature,relative_humidity,0.410375,0.872436,6,false
wet_bulb_temperature,wind_speed,0.641679,0.696914,6,false
wet_bulb_temperature,sea_level_pressure,0.899320,0.494635,6,false
wet_bulb_temperature,visibility,0.421496,0.864979,6,false
wet_bulb_temperature,precipitation,1.048906,0.391984,6,false
wet_bulb_temperature,precipitation_24_hour,0.491573,0.814952,6,false
wet_bulb_temperature,LOG_PRECIPITATION,3.566155,0.001693,6,true
wet_bulb_temperature,LOG_VISIBILITY,0.357521,0.905662,6,false
wet_bulb_temperature,LOG_PRECIPITATION_24_HOUR,0.302898,0.935521,6,false
wet_bulb_temperature,LOG_RELATIVE_HUMIDITY,0.428166,0.860435,6,false
precipitation,LOG_INF_B,1.170357,0.319884,6,false
precipitation,temperature,0.349767,0.910197,6,false
precipitation,dew_point_temperature,1.309991,0.249817,6,false
precipitation,relative_humidity,1.109443,0.354740,6,false
precipitation,wind_speed,0.730321,0.625262,6,false
precipitation,sea_level_pressure,1.216758,0.295098,6,false
precipitation,visibility,1.414373,0.205960,6,false
precipitation,wet_bulb_temperature,0.533561,0.782999,6,false
precipitation,precipitation_24_hour,1.020829,0.410126,6,false
precipitation,LOG_PRECIPITATION,13.594616,0.000000,6,true
precipitation,LOG_VISIBILITY,1.153316,0.329369,6,false
precipitation,LOG_PRECIPITATION_24_HOUR,1.139275,0.337340,6,false
precipitation,LOG_RELATIVE_HUMIDITY,1.066086,0.381152,6,false
precipitation_24_hour,LOG_INF_B,0.458973,0.838821,6,false
precipitation_24_hour,temperature,2.240515,0.037476,6,true
precipitation_24_hour,dew_point_temperature,6.592658,0.000001,6,true
precipitation_24_hour,relative_humidity,4.401929,0.000214,6,true
precipitation_24_hour,wind_speed,2.066149,0.054806,6,false
precipitation_24_hour,sea_level_pressure,4.252062,0.000312,6,true
precipitation_24_hour,visibility,4.098161,0.000457,6,true
precipitation_24_hour,wet_bulb_temperature,4.623442,0.000123,6,true
precipitation_24_hour,precipitation,0.943310,0.462964,6,false
precipitation_24_hour,LOG_PRECIPITATION,0.584275,0.743091,6,false
precipitation_24_hour,LOG_VISIBILITY,2.549273,0.018751,6,true
precipitation_24_hour,LOG_PRECIPITATION_24_HOUR,3.421811,0.002403,6,true
precipitation_24_hour,LOG_RELATIVE_HUMIDITY,4.233851,0.000326,6,true
LOG_PRECIPITATION,LOG_INF_B,1.848918,0.086837,6,false
LOG_PRECIPITATION,temperature,1.150622,0.330888,6,false
LOG_PRECIPITATION,dew_point_temperature,0.577708,0.748319,6,false
LOG_PRECIPITATION,relative_humidity,0.813189,0.559714,6,false
LOG_PRECIPITATION,wind_speed,1.515551,0.169802,6,false
LOG_PRECIPITATION,sea_level_pressure,1.302602,0.253190,6,false
LOG_PRECIPITATION,visibility,1.368531,0.224364,6,false
LOG_PRECIPITATION,wet_bulb_temperature,0.824510,0.550955,6,false
LOG_PRECIPITATION,precipitation,18.548594,0.000000,6,true
LOG_PRECIPITATION,precipitation_24_hour,0.660519,0.681658,6,false
LOG_PRECIPITATION,LOG_VISIBILITY,1.261477,0.272635,6,false
LOG_PRECIPITATION,LOG_PRECIPITATION_24_HOUR,1.119330,0.348903,6,false
LOG_PRECIPITATION,LOG_RELATIVE_HUMIDITY,0.862779,0.521786,6,false
LOG_VISIBILITY,LOG_INF_B,0.059480,0.999166,6,false
LOG_VISIBILITY,temperature,1.021267,0.409839,6,false
LOG_VISIBILITY,dew_point_temperature,1.179266,0.315007,6,false
LOG_VISIBILITY,relative_humidity,2.283144,0.034106,6,true
LOG_VISIBILITY,wind_speed,1.055723,0.387661,6,false
LOG_VISIBILITY,sea_level_pressure,0.615711,0.717885,6,false
LOG_VISIBILITY,visibility,4.437969,0.000196,6,true
LOG_VISIBILITY,wet_bulb_temperature,0.351151,0.909395,6,false
LOG_VISIBILITY,precipitation,0.113568,0.994858,6,false
LOG_VISIBILITY,precipitation_24_hour,0.251059,0.958932,6,false
LOG_VISIBILITY,LOG_PRECIPITATION,0.044310,0.999643,6,false
LOG_VISIBILITY,LOG_PRECIPITATION_24_HOUR,1.005658,0.420154,6,false
LOG_VISIBILITY,LOG_RELATIVE_HUMIDITY,2.374871,0.027804,6,true
LOG_PRECIPITATION_24_HOUR,LOG_INF_B,1.560955,0.155440,6,false
LOG_PRECIPITATION_24_HOUR,temperature,1.926523,0.073808,6,false
LOG_PRECIPITATION_24_HOUR,dew_point_temperature,1.760247,0.104274,6,false
LOG_PRECIPITATION_24_HOUR,relative_humidity,2.263959,0.035585,6,true
LOG_PRECIPITATION_24_HOUR,wind_speed,0.984714,0.434251,6,false
LOG_PRECIPITATION_24_HOUR,sea_level_pressure,1.723199,0.112454,6,false
LOG_PRECIPITATION_24_HOUR,visibility,1.658926,0.128022,6,false
LOG_PRECIPITATION_24_HOUR,wet_bulb_temperature,1.439747,0.196329,6,false
LOG_PRECIPITATION_24_HOUR,precipitation,0.302423,0.935758,6,false
LOG_PRECIPITATION_24_HOUR,precipitation_24_hour,2.372750,0.027936,6,true
LOG_PRECIPITATION_24_HOUR,LOG_PRECIPITATION,0.282855,0.945176,6,false
LOG_PRECIPITATION_24_HOUR,LOG_VISIBILITY,1.149245,0.331666,6,false
LOG_PRECIPITATION_24_HOUR,LOG_RELATIVE_HUMIDITY,2.194767,0.041440,6,true
LOG_RELATIVE_HUMIDITY,LOG_INF_B,0.713559,0.638750,6,false
LOG_RELATIVE_HUMIDITY,temperature,1.616342,0.139366,6,false
LOG_RELATIVE_HUMIDITY,dew_point_temperature,3.261141,0.003538,6,true
LOG_RELATIVE_HUMIDITY,relative_humidity,0.907731,0.488491,6,false
LOG_RELATIVE_HUMIDITY,wind_speed,0.799197,0.570614,6,false
LOG_RELATIVE_HUMIDITY,sea_level_pressure,2.184898,0.042346,6,true
LOG_RELATIVE_HUMIDITY,visibility,0.652858,0.687864,6,false
LOG_RELATIVE_HUMIDITY,wet_bulb_temperature,3.067414,0.005616,6,true
LOG_RELATIVE_HUMIDITY,precipitation,0.714924,0.637650,6,false
LOG_RELATIVE_HUMIDITY,precipitation_24_hour,1.243800,0.281349,6,false
LOG_RELATIVE_HUMIDITY,LOG_PRECIPITATION,0.579079,0.747229,6,false
LOG_RELATIVE_HUMIDITY,LOG_VISIBILITY,1.101137,0.359697,6,false
LOG_RELATIVE_HUMIDITY,LOG_PRECIPITATION_24_HOUR,0.724761,0.629731,6,false
